JourneyID,CustomerID,ProductID,VisitDate,Stage,Action,Duration
1,54,19,03-06-2024,IMPRESSIONS,VIEWED,38.89
2,180,18,12-01-2024,IMPRESSIONS,VIEWED,37.29
3,288,20,20-09-2024,CLICK,CLICKED,17.17
4,140,10,14-12-2023,IMPRESSIONS,VIEWED,27.65
5,206,3,26-05-2023,CART,ADDED TO CART,41.01
6,272,7,21-01-2024,IMPRESSIONS,VIEWED,19.8
7,167,19,02-09-2024,IMPRESSIONS,VIEWED,11.3
8,26,3,06-10-2023,IMPRESSIONS,VIEWED,29.28
9,213,9,09-08-2023,CART,ADDED TO CART,71.42
10,57,10,25-11-2024,CLICK,CLICKED,18.41
11,203,20,26-02-2023,IMPRESSIONS,VIEWED,35.69
12,131,10,02-12-2023,IMPRESSIONS,VIEWED,12.03
13,195,18,21-12-2024,IMPRESSIONS,VIEWED,20.88
14,22,14,20-01-2023,CLICK,CLICKED,58.18
15,294,13,27-12-2024,CLICK,CLICKED,45.38
16,167,6,24-09-2024,CLICK,CLICKED,47.75
17,55,8,22-03-2024,CLICK,CLICKED,80.29
18,174,8,08-12-2023,CART,ADDED TO CART,91.26
19,59,17,06-06-2024,IMPRESSIONS,VIEWED,34.1
20,76,8,16-04-2023,IMPRESSIONS,VIEWED,29.1
21,39,6,05-10-2024,CLICK,CLICKED,79.82
22,162,5,26-03-2024,IMPRESSIONS,VIEWED,36.85
23,29,12,03-06-2024,IMPRESSIONS,VIEWED,6.5
24,189,10,20-03-2023,CLICK,CLICKED,49.7
25,284,2,05-04-2024,DROP-OFF,ABANDONED,
26,97,11,11-09-2024,CLICK,CLICKED,48.79
27,176,3,31-05-2024,CLICK,CLICKED,68.07
28,225,17,19-06-2024,CLICK,CLICKED,83.85
29,199,14,13-12-2023,CLICK,CLICKED,19.94
30,49,18,25-11-2024,IMPRESSIONS,VIEWED,18.33
31,299,5,25-12-2023,IMPRESSIONS,VIEWED,28.8
32,44,10,26-07-2024,IMPRESSIONS,VIEWED,31.8
33,270,3,23-10-2024,CLICK,CLICKED,42.19
34,93,7,16-12-2023,CHECKOUT,ABANDONED,
35,99,8,21-05-2023,IMPRESSIONS,VIEWED,25.31
36,277,17,08-02-2023,CLICK,CLICKED,26.57
37,93,20,19-06-2023,CART,ADDED TO CART,79.3
38,122,15,17-09-2024,IMPRESSIONS,VIEWED,26.36
39,159,16,18-07-2023,IMPRESSIONS,VIEWED,35.78
40,196,17,24-06-2024,IMPRESSIONS,VIEWED,37.05
41,71,9,23-02-2023,CLICK,CLICKED,68.36
42,265,4,19-10-2023,IMPRESSIONS,VIEWED,22.97
43,263,5,23-03-2024,IMPRESSIONS,VIEWED,40.39
44,14,14,24-02-2023,IMPRESSIONS,VIEWED,20.45
45,42,12,18-08-2023,IMPRESSIONS,VIEWED,36.66
46,71,2,21-10-2023,CHECKOUT,ABANDONED,
47,72,16,04-04-2024,CLICK,CLICKED,34.19
48,77,18,15-09-2024,CLICK,CLICKED,32.82
49,63,2,02-09-2023,IMPRESSIONS,VIEWED,9.43
50,256,20,02-07-2024,IMPRESSIONS,VIEWED,16.65
51,1,20,28-12-2023,IMPRESSIONS,VIEWED,31.57
52,44,17,05-01-2024,IMPRESSIONS,VIEWED,39.93
53,23,13,18-01-2024,IMPRESSIONS,VIEWED,36.54
54,177,8,03-11-2024,CLICK,CLICKED,18.33
55,280,11,20-10-2024,IMPRESSIONS,VIEWED,30.27
56,70,3,13-04-2024,IMPRESSIONS,VIEWED,36.64
57,22,11,14-11-2023,CLICK,CLICKED,17.75
58,98,10,01-01-2024,CHECKOUT,ABANDONED,
59,170,9,08-05-2023,CART,ADDED TO CART,136.74
60,226,13,14-12-2023,CHECKOUT,PURCHASED,221.48
61,189,17,01-10-2023,CART,ADDED TO CART,39.47
62,93,18,28-10-2023,IMPRESSIONS,VIEWED,31.44
63,157,15,09-09-2024,CLICK,CLICKED,41.37
64,22,12,21-09-2024,CHECKOUT,PURCHASED,208.06
65,30,3,18-11-2024,CLICK,CLICKED,86.46
66,74,20,25-11-2024,CART,ADDED TO CART,45.15
67,121,12,06-01-2024,IMPRESSIONS,VIEWED,32.16
68,190,12,30-03-2024,CART,ADDED TO CART,93.54
69,204,11,27-10-2024,IMPRESSIONS,VIEWED,34.43
70,256,17,01-02-2024,CHECKOUT,ABANDONED,
71,135,9,21-12-2024,IMPRESSIONS,VIEWED,13.01
72,70,3,07-04-2024,IMPRESSIONS,VIEWED,37.42
73,164,12,27-12-2024,IMPRESSIONS,VIEWED,39.05
74,90,12,04-06-2024,IMPRESSIONS,VIEWED,14.47
75,253,1,05-01-2024,CLICK,CLICKED,75.27
76,283,5,18-09-2024,CHECKOUT,ABANDONED,
77,159,13,05-05-2024,CLICK,CLICKED,24.4
78,163,3,05-04-2024,CLICK,CLICKED,80.85
79,283,19,06-07-2023,CART,ADDED TO CART,81.91
80,29,4,14-06-2024,IMPRESSIONS,VIEWED,17.91
81,116,12,15-06-2024,CHECKOUT,ABANDONED,
82,129,7,12-10-2024,CHECKOUT,PURCHASED,76.92
83,156,20,30-06-2024,IMPRESSIONS,VIEWED,11.85
84,173,19,12-02-2023,CART,ADDED TO CART,39.75
85,296,9,28-10-2024,IMPRESSIONS,VIEWED,24.92
86,280,10,19-10-2024,CHECKOUT,PURCHASED,107.44
87,208,10,09-04-2024,IMPRESSIONS,VIEWED,22.58
88,248,15,28-07-2023,IMPRESSIONS,VIEWED,39.46
89,164,12,13-02-2024,IMPRESSIONS,VIEWED,17.76
90,239,4,01-10-2023,IMPRESSIONS,VIEWED,7.02
91,197,20,04-03-2024,IMPRESSIONS,VIEWED,42.35
92,161,7,13-06-2023,CLICK,CLICKED,80.93
93,255,1,03-04-2023,DROP-OFF,ABANDONED,
94,235,8,09-08-2023,CLICK,CLICKED,36.1
95,241,10,03-07-2024,IMPRESSIONS,VIEWED,10.36
96,136,12,17-02-2024,IMPRESSIONS,VIEWED,27.81
97,100,12,20-07-2024,IMPRESSIONS,VIEWED,35.58
98,144,20,27-11-2024,CLICK,CLICKED,44.54
99,174,18,10-01-2024,CART,ADDED TO CART,102.3
100,206,17,11-02-2023,IMPRESSIONS,VIEWED,37.16
101,266,15,02-06-2023,CLICK,CLICKED,84.85
102,164,6,07-02-2024,CHECKOUT,PURCHASED,196.4
103,260,17,29-06-2024,CLICK,CLICKED,76.18
104,189,11,20-11-2024,IMPRESSIONS,VIEWED,36.87
105,14,20,30-04-2024,IMPRESSIONS,VIEWED,28.34
106,88,17,06-10-2024,CART,ADDED TO CART,47.73
107,125,2,09-08-2024,CHECKOUT,ABANDONED,
108,98,1,27-03-2024,IMPRESSIONS,VIEWED,32.62
109,211,17,18-09-2024,DROP-OFF,ABANDONED,
110,32,5,15-06-2024,IMPRESSIONS,VIEWED,26.02
111,161,6,15-04-2024,CHECKOUT,ABANDONED,
112,280,12,23-11-2024,CART,ADDED TO CART,103.21
113,99,8,13-10-2023,CLICK,CLICKED,72.84
114,107,16,21-11-2023,CLICK,CLICKED,24.14
115,279,13,09-02-2024,CART,ADDED TO CART,64.85
116,148,3,21-12-2023,DROP-OFF,ABANDONED,
117,132,16,08-08-2023,IMPRESSIONS,VIEWED,10.49
118,123,8,21-02-2023,CLICK,CLICKED,18.94
119,212,11,28-04-2024,IMPRESSIONS,VIEWED,43.58
120,81,14,30-10-2024,CHECKOUT,ABANDONED,
121,245,7,22-10-2023,IMPRESSIONS,VIEWED,31.09
122,119,18,08-02-2023,CHECKOUT,ABANDONED,
123,214,6,07-02-2023,CHECKOUT,PURCHASED,245.93
124,96,10,08-02-2023,IMPRESSIONS,VIEWED,16.38
125,279,17,20-05-2024,CHECKOUT,ABANDONED,
126,259,15,07-10-2023,IMPRESSIONS,VIEWED,11.5
127,235,9,10-07-2023,IMPRESSIONS,VIEWED,27.71
128,99,6,17-09-2024,CHECKOUT,ABANDONED,
129,219,17,02-12-2023,IMPRESSIONS,VIEWED,44.27
130,245,11,12-09-2023,IMPRESSIONS,VIEWED,22.87
131,137,11,06-11-2023,CLICK,CLICKED,64.03
132,121,2,14-11-2024,IMPRESSIONS,VIEWED,21.22
133,258,10,07-12-2024,IMPRESSIONS,VIEWED,29.59
134,113,5,04-05-2024,IMPRESSIONS,VIEWED,33.08
135,242,18,11-11-2024,CART,ADDED TO CART,111.64
136,42,17,02-04-2024,CLICK,CLICKED,83.79
137,58,2,14-07-2024,CHECKOUT,ABANDONED,
138,294,18,03-06-2023,IMPRESSIONS,VIEWED,32.21
139,299,16,04-04-2023,CHECKOUT,ABANDONED,
140,29,15,16-05-2023,CLICK,CLICKED,56.91
141,158,1,10-02-2024,IMPRESSIONS,VIEWED,28.13
142,24,14,19-12-2023,CLICK,CLICKED,88.96
143,242,2,21-10-2023,IMPRESSIONS,VIEWED,19.98
144,196,15,22-01-2024,IMPRESSIONS,VIEWED,9.75
145,276,13,25-06-2024,IMPRESSIONS,VIEWED,35.25
146,153,15,20-11-2024,CLICK,CLICKED,76.75
147,127,15,21-12-2023,IMPRESSIONS,VIEWED,6.29
148,215,20,17-01-2023,IMPRESSIONS,VIEWED,28.76
149,229,20,19-11-2024,CLICK,CLICKED,70.54
150,206,15,28-08-2023,CLICK,CLICKED,52.79
151,149,8,12-08-2024,IMPRESSIONS,VIEWED,17.07
152,74,17,15-08-2023,IMPRESSIONS,VIEWED,27.27
153,90,14,23-07-2024,CLICK,CLICKED,73.94
154,164,14,23-02-2024,IMPRESSIONS,VIEWED,35.18
155,243,8,19-08-2023,IMPRESSIONS,VIEWED,41.59
156,288,14,02-03-2024,CLICK,CLICKED,33.21
157,105,11,24-10-2024,IMPRESSIONS,VIEWED,8.7
158,98,2,02-10-2023,IMPRESSIONS,VIEWED,12.53
159,287,7,05-05-2024,IMPRESSIONS,VIEWED,43.28
160,8,7,14-07-2023,CHECKOUT,PURCHASED,235.45
161,246,8,13-12-2024,CLICK,CLICKED,83.63
162,283,11,17-10-2023,IMPRESSIONS,VIEWED,15.46
163,263,16,22-04-2024,IMPRESSIONS,VIEWED,41.57
164,190,11,28-02-2024,IMPRESSIONS,VIEWED,5.65
165,284,19,16-08-2024,CART,ADDED TO CART,48.29
166,169,8,24-01-2024,CLICK,CLICKED,56.3
167,173,9,15-05-2024,CHECKOUT,PURCHASED,162.51
168,181,6,24-05-2023,CART,ADDED TO CART,52.09
169,278,2,20-06-2024,IMPRESSIONS,VIEWED,35.57
170,212,5,07-10-2024,IMPRESSIONS,VIEWED,13.75
171,234,12,03-03-2023,CLICK,CLICKED,16.18
172,273,18,26-02-2024,IMPRESSIONS,VIEWED,5.69
173,221,6,20-04-2023,DROP-OFF,ABANDONED,
174,77,8,16-07-2023,CLICK,CLICKED,35.05
175,204,3,18-01-2024,CHECKOUT,PURCHASED,189.08
176,116,10,01-12-2024,CART,ADDED TO CART,108.45
177,17,3,20-02-2024,IMPRESSIONS,VIEWED,30.47
178,88,3,26-05-2024,CART,ADDED TO CART,97.9
179,49,17,13-02-2023,IMPRESSIONS,VIEWED,6.86
180,39,9,10-07-2024,CLICK,CLICKED,84.66
181,162,1,01-08-2023,CLICK,CLICKED,37.45
182,289,8,03-08-2024,CART,ADDED TO CART,111.24
183,277,11,29-01-2024,CART,ADDED TO CART,124.86
184,41,17,21-12-2023,IMPRESSIONS,VIEWED,38.55
185,175,20,20-09-2024,CHECKOUT,PURCHASED,292.07
186,168,1,11-10-2024,IMPRESSIONS,VIEWED,14.13
187,284,13,18-03-2024,IMPRESSIONS,VIEWED,35.89
188,152,8,31-12-2024,IMPRESSIONS,VIEWED,20.2
189,79,13,21-11-2023,IMPRESSIONS,VIEWED,42.72
190,228,12,04-10-2023,IMPRESSIONS,VIEWED,22.24
191,286,18,08-06-2024,IMPRESSIONS,VIEWED,19.16
192,48,20,04-09-2024,CART,ADDED TO CART,31.48
193,212,13,28-03-2023,CART,ADDED TO CART,98.64
194,87,13,23-06-2023,IMPRESSIONS,VIEWED,24.72
195,33,6,21-03-2024,IMPRESSIONS,VIEWED,36.31
196,185,9,10-09-2023,CART,ADDED TO CART,101.26
197,101,15,20-04-2023,IMPRESSIONS,VIEWED,18.29
198,195,11,26-03-2024,IMPRESSIONS,VIEWED,17.83
199,103,16,18-11-2023,IMPRESSIONS,VIEWED,16.66
200,252,19,06-09-2023,IMPRESSIONS,VIEWED,19.6
201,289,7,29-08-2024,CHECKOUT,PURCHASED,218.84
202,282,1,17-04-2024,CHECKOUT,ABANDONED,
203,225,10,10-12-2024,IMPRESSIONS,VIEWED,10.57
204,156,8,16-09-2023,CLICK,CLICKED,20.55
205,246,19,15-02-2024,CLICK,CLICKED,74.3
206,185,18,31-08-2024,CLICK,CLICKED,72.67
207,182,6,24-10-2024,CLICK,CLICKED,87.43
208,221,4,11-01-2023,IMPRESSIONS,VIEWED,22.83
209,201,15,26-11-2024,CLICK,CLICKED,89.83
210,248,4,30-10-2023,IMPRESSIONS,VIEWED,38.25
211,73,12,16-11-2023,IMPRESSIONS,VIEWED,18.93
212,50,15,14-12-2024,CLICK,CLICKED,18.35
213,59,1,18-12-2023,CLICK,CLICKED,53.7
214,283,6,05-12-2023,CLICK,CLICKED,74.83
215,95,6,17-10-2024,CLICK,CLICKED,70.3
216,102,15,29-08-2024,IMPRESSIONS,VIEWED,13.23
217,33,19,15-04-2023,CART,ADDED TO CART,73.9
218,101,15,27-04-2023,IMPRESSIONS,VIEWED,28.88
219,201,19,27-04-2023,IMPRESSIONS,VIEWED,37.55
220,153,20,27-08-2024,IMPRESSIONS,VIEWED,9.71
221,157,4,07-07-2023,IMPRESSIONS,VIEWED,21.73
222,71,19,28-01-2024,IMPRESSIONS,VIEWED,27.2
223,251,10,24-05-2023,IMPRESSIONS,VIEWED,39.62
224,5,16,20-05-2023,IMPRESSIONS,VIEWED,21.37
225,252,14,28-12-2024,CART,ADDED TO CART,50.07
226,290,1,14-08-2023,IMPRESSIONS,VIEWED,26.5
227,87,15,02-08-2024,CART,ADDED TO CART,95.97
228,58,19,27-04-2023,IMPRESSIONS,VIEWED,35.4
229,226,18,12-08-2023,CHECKOUT,PURCHASED,232.68
230,127,10,03-02-2023,IMPRESSIONS,VIEWED,22.56
231,61,8,03-08-2023,CART,ADDED TO CART,133.33
232,220,6,22-09-2024,IMPRESSIONS,VIEWED,37.22
233,292,12,29-06-2024,IMPRESSIONS,VIEWED,44.16
234,150,10,09-08-2024,IMPRESSIONS,VIEWED,43.51
235,211,2,11-10-2023,CHECKOUT,ABANDONED,
236,68,8,30-05-2023,CLICK,CLICKED,51.71
237,296,9,04-10-2024,IMPRESSIONS,VIEWED,30.35
238,48,13,11-06-2024,CART,ADDED TO CART,84.56
239,250,11,18-08-2024,IMPRESSIONS,VIEWED,30.39
240,184,3,01-07-2024,IMPRESSIONS,VIEWED,24.79
241,166,10,12-12-2023,CLICK,CLICKED,74.12
242,25,2,12-04-2023,CLICK,CLICKED,24.32
243,81,15,12-04-2024,IMPRESSIONS,VIEWED,44.83
244,68,10,12-06-2023,CHECKOUT,ABANDONED,
245,48,12,14-09-2023,IMPRESSIONS,VIEWED,20.85
246,157,8,15-03-2024,CLICK,CLICKED,31.01
247,40,5,30-08-2024,IMPRESSIONS,VIEWED,5.32
248,176,4,08-03-2024,CLICK,CLICKED,32.17
249,46,4,16-04-2023,IMPRESSIONS,VIEWED,20.31
250,69,5,12-03-2023,CLICK,CLICKED,48.01
251,110,5,26-02-2024,CLICK,CLICKED,21.5
252,52,5,07-05-2023,CLICK,CLICKED,87.24
253,162,5,11-09-2023,IMPRESSIONS,VIEWED,27.14
254,146,1,05-11-2024,CHECKOUT,ABANDONED,
255,266,20,05-06-2024,IMPRESSIONS,VIEWED,30.85
256,123,16,31-01-2024,IMPRESSIONS,VIEWED,26.13
257,7,12,21-11-2023,IMPRESSIONS,VIEWED,26.85
258,89,16,16-03-2023,IMPRESSIONS,VIEWED,15.49
259,21,2,12-02-2024,CLICK,CLICKED,67.64
260,43,18,04-07-2024,CLICK,CLICKED,38.24
261,262,7,09-06-2023,CLICK,CLICKED,38.26
262,224,8,01-03-2023,IMPRESSIONS,VIEWED,23.13
263,29,10,13-11-2024,CART,ADDED TO CART,44.33
264,71,1,17-06-2023,CLICK,CLICKED,27.52
265,65,9,01-05-2023,CART,ADDED TO CART,70.2
266,220,9,20-06-2024,IMPRESSIONS,VIEWED,23.21
267,185,2,26-05-2024,CHECKOUT,ABANDONED,
268,189,6,19-09-2023,CART,ADDED TO CART,57.41
269,261,1,15-02-2023,CHECKOUT,ABANDONED,
270,126,2,28-04-2024,IMPRESSIONS,VIEWED,42.25
271,19,18,02-11-2024,IMPRESSIONS,VIEWED,21.65
272,164,9,21-03-2023,CLICK,CLICKED,28.45
273,265,2,15-02-2024,IMPRESSIONS,VIEWED,35.94
274,160,11,30-03-2023,CLICK,CLICKED,30.05
275,289,10,29-09-2024,IMPRESSIONS,VIEWED,44.91
276,101,18,09-09-2023,IMPRESSIONS,VIEWED,14.32
277,178,1,10-12-2023,IMPRESSIONS,VIEWED,9.16
278,272,8,05-03-2024,CLICK,CLICKED,68.37
279,48,2,26-08-2023,DROP-OFF,ABANDONED,
280,212,12,14-04-2024,CHECKOUT,PURCHASED,193.1
281,259,5,14-10-2024,CART,ADDED TO CART,101.03
282,32,14,09-11-2024,CHECKOUT,PURCHASED,119.38
283,162,13,18-12-2024,CART,ADDED TO CART,68.17
284,140,8,18-03-2023,CHECKOUT,ABANDONED,
285,300,4,09-06-2023,IMPRESSIONS,VIEWED,17.56
286,62,18,02-01-2024,CHECKOUT,PURCHASED,160.24
287,238,9,03-05-2023,IMPRESSIONS,VIEWED,13.6
288,168,5,04-04-2023,CLICK,CLICKED,53.51
289,154,9,28-06-2023,IMPRESSIONS,VIEWED,27.24
290,282,8,07-04-2023,CLICK,CLICKED,15.9
291,114,5,22-07-2023,CART,ADDED TO CART,112.35
292,44,19,23-08-2024,IMPRESSIONS,VIEWED,44.89
293,102,15,12-05-2023,IMPRESSIONS,VIEWED,6.71
294,237,2,22-06-2023,CHECKOUT,ABANDONED,
295,203,16,31-01-2023,IMPRESSIONS,VIEWED,19.16
296,96,9,14-10-2023,IMPRESSIONS,VIEWED,29.56
297,126,10,25-05-2024,IMPRESSIONS,VIEWED,8.51
298,197,5,05-03-2024,IMPRESSIONS,VIEWED,44.58
299,184,16,11-07-2024,CART,ADDED TO CART,139.52
300,258,11,02-02-2024,IMPRESSIONS,VIEWED,28.88
301,16,9,01-03-2023,CART,ADDED TO CART,93.53
302,300,8,13-06-2023,IMPRESSIONS,VIEWED,26.35
303,29,8,12-08-2024,CART,ADDED TO CART,72.58
304,89,6,31-08-2023,CLICK,CLICKED,67.76
305,181,19,31-07-2024,IMPRESSIONS,VIEWED,26.68
306,90,16,08-02-2023,IMPRESSIONS,VIEWED,5.8
307,245,1,06-12-2023,CHECKOUT,ABANDONED,
308,67,11,01-07-2023,CHECKOUT,ABANDONED,
309,31,1,01-06-2023,CLICK,CLICKED,78.49
310,187,3,18-01-2024,CLICK,CLICKED,40.24
311,166,5,11-06-2023,CART,ADDED TO CART,125.02
312,250,11,28-06-2023,CLICK,CLICKED,64.91
313,90,13,11-11-2023,CART,ADDED TO CART,45.28
314,1,19,05-02-2024,DROP-OFF,ABANDONED,
315,17,6,08-09-2024,IMPRESSIONS,VIEWED,42.47
316,73,11,21-03-2023,IMPRESSIONS,VIEWED,30.45
317,46,11,02-04-2024,IMPRESSIONS,VIEWED,32.73
318,180,9,21-04-2023,CART,ADDED TO CART,76.31
319,215,6,28-02-2024,CLICK,CLICKED,55.95
320,52,16,14-08-2024,CLICK,CLICKED,48.85
321,18,10,21-01-2023,IMPRESSIONS,VIEWED,18.67
322,193,6,18-03-2023,CLICK,CLICKED,59.55
323,248,1,17-03-2024,CHECKOUT,ABANDONED,
324,223,6,24-02-2023,IMPRESSIONS,VIEWED,21.37
325,284,18,29-09-2023,CLICK,CLICKED,22.19
326,202,19,16-07-2024,CART,ADDED TO CART,36.54
327,2,14,31-03-2023,IMPRESSIONS,VIEWED,8.88
328,106,6,15-10-2024,IMPRESSIONS,VIEWED,38.75
329,158,13,27-04-2024,CLICK,CLICKED,63.14
330,199,6,15-01-2024,CHECKOUT,ABANDONED,
331,96,15,15-02-2023,IMPRESSIONS,VIEWED,14.05
332,138,19,05-03-2023,IMPRESSIONS,VIEWED,31.73
333,278,14,26-08-2024,IMPRESSIONS,VIEWED,37.74
334,215,18,04-12-2024,CHECKOUT,ABANDONED,
335,294,8,02-05-2024,IMPRESSIONS,VIEWED,25.08
336,265,19,24-11-2024,CHECKOUT,PURCHASED,75.67
337,230,6,21-06-2023,CHECKOUT,PURCHASED,77.18
338,217,3,30-11-2024,IMPRESSIONS,VIEWED,17.79
339,35,3,02-02-2024,CLICK,CLICKED,53.98
340,7,20,24-08-2024,CLICK,CLICKED,46.08
341,76,19,25-08-2024,CLICK,CLICKED,57.2
342,52,10,02-07-2024,CHECKOUT,ABANDONED,
343,136,13,01-11-2024,CLICK,CLICKED,27.91
344,207,5,25-09-2024,CLICK,CLICKED,44.68
345,170,8,20-02-2023,CART,ADDED TO CART,137.64
346,11,11,07-11-2023,IMPRESSIONS,VIEWED,43.9
347,117,5,04-11-2023,CHECKOUT,PURCHASED,242.38
348,165,9,02-03-2024,CLICK,CLICKED,48.13
349,209,16,12-06-2024,CHECKOUT,ABANDONED,
350,264,6,09-03-2023,IMPRESSIONS,VIEWED,36.22
351,269,19,30-01-2023,IMPRESSIONS,VIEWED,14.98
352,234,2,05-01-2024,CLICK,CLICKED,76.76
353,259,13,12-10-2024,DROP-OFF,ABANDONED,
354,16,8,17-01-2024,CLICK,CLICKED,87.04
355,243,19,18-07-2024,IMPRESSIONS,VIEWED,34.96
356,47,10,29-01-2023,IMPRESSIONS,VIEWED,39.28
357,116,7,03-10-2023,CLICK,CLICKED,50.56
358,68,6,07-09-2024,CART,ADDED TO CART,60.29
359,157,9,09-03-2024,CHECKOUT,ABANDONED,
360,236,9,12-08-2023,CLICK,CLICKED,15.55
361,192,18,24-10-2024,CLICK,CLICKED,66.33
362,247,3,11-12-2023,CHECKOUT,PURCHASED,264.68
363,134,10,12-07-2023,IMPRESSIONS,VIEWED,37.22
364,207,11,28-11-2024,IMPRESSIONS,VIEWED,44.9
365,133,14,19-02-2024,IMPRESSIONS,VIEWED,18.73
366,114,18,15-10-2024,CART,ADDED TO CART,90.88
367,88,18,05-07-2023,IMPRESSIONS,VIEWED,34.64
368,287,6,27-11-2024,DROP-OFF,ABANDONED,
369,46,8,30-12-2023,IMPRESSIONS,VIEWED,36.52
370,170,12,24-09-2023,CLICK,CLICKED,50.29
371,299,19,27-09-2024,IMPRESSIONS,VIEWED,39.7
372,196,17,02-11-2023,IMPRESSIONS,VIEWED,44.69
373,176,14,06-08-2024,CHECKOUT,ABANDONED,
374,74,11,04-07-2023,CART,ADDED TO CART,69.92
375,91,11,11-10-2024,IMPRESSIONS,VIEWED,13.38
376,87,19,12-06-2023,CLICK,CLICKED,61.09
377,220,13,15-03-2024,CHECKOUT,PURCHASED,46.19
378,274,7,18-01-2024,CHECKOUT,PURCHASED,238.0
379,272,7,19-01-2023,CLICK,CLICKED,67.01
380,177,10,13-05-2023,IMPRESSIONS,VIEWED,7.61
381,24,10,25-10-2023,CLICK,CLICKED,81.6
382,69,11,16-05-2024,IMPRESSIONS,VIEWED,42.92
383,207,1,22-08-2023,IMPRESSIONS,VIEWED,34.36
384,259,6,07-05-2023,IMPRESSIONS,VIEWED,40.06
385,131,18,30-09-2024,IMPRESSIONS,VIEWED,31.14
386,11,2,07-12-2024,IMPRESSIONS,VIEWED,9.94
387,130,16,19-12-2024,IMPRESSIONS,VIEWED,21.83
388,52,17,04-10-2023,CLICK,CLICKED,77.3
389,54,17,24-09-2024,IMPRESSIONS,VIEWED,24.91
390,103,9,19-06-2024,CHECKOUT,PURCHASED,224.38
391,152,6,10-02-2023,CLICK,CLICKED,39.8
392,2,1,18-11-2024,IMPRESSIONS,VIEWED,10.97
393,47,17,18-03-2023,CART,ADDED TO CART,138.57
394,119,15,31-10-2023,IMPRESSIONS,VIEWED,37.53
395,21,10,04-01-2024,CART,ADDED TO CART,81.12
396,60,4,16-02-2023,IMPRESSIONS,VIEWED,18.15
397,225,20,02-10-2023,CHECKOUT,ABANDONED,
398,191,11,07-07-2023,IMPRESSIONS,VIEWED,15.87
399,198,16,07-03-2024,CLICK,CLICKED,24.94
400,31,6,17-04-2023,IMPRESSIONS,VIEWED,12.25
401,195,12,18-09-2024,IMPRESSIONS,VIEWED,41.82
402,58,14,27-03-2024,IMPRESSIONS,VIEWED,5.49
403,269,19,01-08-2024,IMPRESSIONS,VIEWED,22.31
404,128,16,21-12-2023,CLICK,CLICKED,77.93
405,286,20,25-02-2023,IMPRESSIONS,VIEWED,39.07
406,85,3,18-05-2024,IMPRESSIONS,VIEWED,7.01
407,115,18,20-10-2024,IMPRESSIONS,VIEWED,23.36
408,294,15,01-04-2023,CHECKOUT,ABANDONED,
409,162,4,24-05-2024,CART,ADDED TO CART,42.32
410,212,2,24-07-2024,CLICK,CLICKED,81.76
411,288,7,01-11-2024,CLICK,CLICKED,76.9
412,115,15,06-12-2023,CLICK,CLICKED,68.69
413,59,4,05-11-2024,IMPRESSIONS,VIEWED,38.2
414,150,18,18-06-2024,IMPRESSIONS,VIEWED,40.88
415,253,5,24-02-2024,IMPRESSIONS,VIEWED,9.83
416,202,7,13-04-2024,CART,ADDED TO CART,116.01
417,56,14,17-02-2023,DROP-OFF,ABANDONED,
418,64,15,13-04-2024,CLICK,CLICKED,15.33
419,25,18,19-03-2024,CART,ADDED TO CART,140.92
420,91,19,27-06-2023,CART,ADDED TO CART,42.43
421,165,17,29-01-2024,IMPRESSIONS,VIEWED,20.91
422,176,10,08-04-2024,CART,ADDED TO CART,79.53
423,263,10,19-12-2024,CLICK,CLICKED,30.07
424,149,12,19-11-2024,IMPRESSIONS,VIEWED,33.41
425,181,18,06-05-2024,CLICK,CLICKED,80.81
426,217,1,19-06-2024,IMPRESSIONS,VIEWED,7.12
427,29,7,01-10-2023,CART,ADDED TO CART,148.02
428,129,5,05-03-2023,CLICK,CLICKED,71.52
429,17,12,08-04-2024,IMPRESSIONS,VIEWED,14.5
430,148,2,26-01-2024,IMPRESSIONS,VIEWED,5.52
431,129,7,27-09-2024,CHECKOUT,ABANDONED,
432,116,12,25-08-2024,CLICK,CLICKED,37.06
433,91,3,11-07-2023,CHECKOUT,PURCHASED,141.19
434,220,9,23-07-2024,IMPRESSIONS,VIEWED,5.23
435,239,5,10-02-2023,IMPRESSIONS,VIEWED,35.95
436,155,16,09-08-2024,CLICK,CLICKED,54.4
437,95,17,11-03-2023,CART,ADDED TO CART,79.91
438,275,13,05-04-2023,IMPRESSIONS,VIEWED,18.24
439,151,7,25-09-2024,CLICK,CLICKED,65.17
440,229,8,19-10-2024,CLICK,CLICKED,66.19
441,165,13,27-04-2023,IMPRESSIONS,VIEWED,41.45
442,192,17,04-06-2024,IMPRESSIONS,VIEWED,40.93
443,99,11,10-06-2024,IMPRESSIONS,VIEWED,43.87
444,276,18,08-01-2023,CLICK,CLICKED,79.87
445,218,4,30-07-2023,CLICK,CLICKED,71.02
446,79,1,15-04-2024,CLICK,CLICKED,20.49
447,92,9,25-07-2024,IMPRESSIONS,VIEWED,21.31
448,231,13,19-03-2024,IMPRESSIONS,VIEWED,26.39
449,33,19,16-02-2023,CLICK,CLICKED,84.6
450,55,10,03-12-2024,IMPRESSIONS,VIEWED,35.61
451,225,13,09-02-2024,CART,ADDED TO CART,86.88
452,274,8,20-05-2023,CART,ADDED TO CART,145.22
453,74,10,24-11-2024,DROP-OFF,ABANDONED,
454,192,1,20-07-2024,CHECKOUT,ABANDONED,
455,64,2,06-01-2023,CLICK,CLICKED,37.85
456,177,7,27-02-2024,DROP-OFF,ABANDONED,
457,73,6,08-07-2023,IMPRESSIONS,VIEWED,9.58
458,291,2,16-07-2024,CLICK,CLICKED,65.38
459,129,4,22-07-2023,CART,ADDED TO CART,144.18
460,183,5,18-11-2024,CLICK,CLICKED,61.46
461,100,11,12-05-2024,CLICK,CLICKED,57.42
462,187,11,14-03-2024,IMPRESSIONS,VIEWED,36.43
463,224,9,04-01-2024,IMPRESSIONS,VIEWED,23.51
464,184,10,13-05-2024,CLICK,CLICKED,78.13
465,72,18,21-07-2023,IMPRESSIONS,VIEWED,40.68
466,260,1,18-08-2024,CLICK,CLICKED,56.37
467,279,18,28-04-2024,CLICK,CLICKED,44.44
468,149,5,20-04-2024,CLICK,CLICKED,42.29
469,6,8,20-09-2024,CLICK,CLICKED,26.94
470,290,19,06-11-2024,CHECKOUT,ABANDONED,
471,248,12,11-02-2023,IMPRESSIONS,VIEWED,7.51
472,190,8,13-02-2023,CLICK,CLICKED,50.23
473,233,2,10-02-2023,CHECKOUT,PURCHASED,71.32
474,267,9,27-09-2023,CLICK,CLICKED,64.03
475,188,19,31-10-2024,CHECKOUT,ABANDONED,
476,265,9,21-01-2024,CHECKOUT,PURCHASED,176.67
477,181,12,13-05-2024,CART,ADDED TO CART,90.22
478,72,15,19-06-2023,IMPRESSIONS,VIEWED,11.01
479,81,12,08-09-2024,CLICK,CLICKED,46.1
480,170,4,08-05-2024,CLICK,CLICKED,59.31
481,211,1,07-09-2023,IMPRESSIONS,VIEWED,30.18
482,21,19,31-05-2023,IMPRESSIONS,VIEWED,25.67
483,208,20,31-07-2024,CLICK,CLICKED,31.24
484,242,16,24-06-2023,IMPRESSIONS,VIEWED,36.78
485,94,20,06-11-2024,CLICK,CLICKED,84.18
486,36,8,23-01-2024,IMPRESSIONS,VIEWED,13.09
487,259,14,03-06-2023,CLICK,CLICKED,82.62
488,20,18,30-05-2024,CART,ADDED TO CART,87.87
489,67,20,06-07-2024,CART,ADDED TO CART,92.65
490,190,2,15-12-2024,CLICK,CLICKED,74.22
491,196,12,26-08-2024,CART,ADDED TO CART,81.06
492,131,16,27-08-2023,CHECKOUT,ABANDONED,
493,146,20,10-07-2024,IMPRESSIONS,VIEWED,33.37
494,4,19,19-06-2024,IMPRESSIONS,VIEWED,31.18
495,162,14,06-01-2024,IMPRESSIONS,VIEWED,15.45
496,275,14,01-08-2024,IMPRESSIONS,VIEWED,35.2
497,212,18,24-07-2024,CLICK,CLICKED,34.03
498,158,19,19-12-2023,CART,ADDED TO CART,118.29
499,61,8,02-04-2024,CART,ADDED TO CART,42.03
500,261,13,13-12-2023,CART,ADDED TO CART,49.29
501,3,3,29-05-2023,CLICK,CLICKED,19.81
502,114,12,23-03-2023,CLICK,CLICKED,61.05
503,267,10,29-12-2024,CHECKOUT,PURCHASED,286.16
504,90,16,25-03-2024,IMPRESSIONS,VIEWED,6.34
505,262,17,16-12-2024,IMPRESSIONS,VIEWED,19.39
506,1,6,30-03-2023,CHECKOUT,PURCHASED,135.05
507,203,13,23-08-2024,IMPRESSIONS,VIEWED,41.77
508,282,10,26-07-2024,CHECKOUT,ABANDONED,
509,178,9,20-08-2023,CLICK,CLICKED,84.73
510,295,1,25-09-2023,IMPRESSIONS,VIEWED,25.13
511,175,4,09-06-2024,CHECKOUT,PURCHASED,222.02
512,194,19,10-05-2024,CART,ADDED TO CART,145.35
513,235,15,23-08-2024,CHECKOUT,ABANDONED,
514,60,9,11-03-2023,IMPRESSIONS,VIEWED,37.01
515,212,12,12-06-2024,CLICK,CLICKED,36.55
516,205,11,19-03-2023,CLICK,CLICKED,38.54
517,112,19,03-10-2023,IMPRESSIONS,VIEWED,34.48
518,121,8,29-09-2023,IMPRESSIONS,VIEWED,38.45
519,183,5,20-04-2023,IMPRESSIONS,VIEWED,29.55
520,278,2,08-05-2024,IMPRESSIONS,VIEWED,40.92
521,295,9,17-05-2024,IMPRESSIONS,VIEWED,13.88
522,296,5,25-02-2023,CLICK,CLICKED,85.47
523,17,17,22-12-2023,IMPRESSIONS,VIEWED,44.06
524,266,15,20-11-2023,CLICK,CLICKED,43.46
525,52,11,06-01-2024,CLICK,CLICKED,56.14
526,122,9,27-04-2024,CHECKOUT,PURCHASED,138.31
527,256,14,04-08-2023,IMPRESSIONS,VIEWED,39.17
528,144,15,04-07-2023,CLICK,CLICKED,69.06
529,121,18,18-03-2024,CHECKOUT,ABANDONED,
530,75,5,29-04-2024,CART,ADDED TO CART,80.58
531,69,17,30-06-2024,CART,ADDED TO CART,66.0
532,288,19,18-02-2023,IMPRESSIONS,VIEWED,13.62
533,131,16,06-10-2024,IMPRESSIONS,VIEWED,19.44
534,287,18,21-09-2023,IMPRESSIONS,VIEWED,19.04
535,102,19,12-08-2024,CLICK,CLICKED,41.63
536,262,16,02-04-2024,CHECKOUT,ABANDONED,
537,147,15,08-10-2024,CHECKOUT,PURCHASED,208.35
538,173,14,08-10-2024,CLICK,CLICKED,20.93
539,176,8,18-11-2023,IMPRESSIONS,VIEWED,29.22
540,203,9,31-03-2024,CART,ADDED TO CART,119.75
541,267,15,28-02-2024,IMPRESSIONS,VIEWED,34.11
542,129,3,04-08-2023,IMPRESSIONS,VIEWED,7.55
543,243,18,25-02-2023,IMPRESSIONS,VIEWED,9.16
544,80,3,01-11-2024,CHECKOUT,ABANDONED,
545,159,8,11-09-2023,CART,ADDED TO CART,105.18
546,68,17,24-06-2023,IMPRESSIONS,VIEWED,39.57
547,240,18,06-10-2023,CLICK,CLICKED,59.31
548,234,19,21-03-2024,CLICK,CLICKED,51.12
549,117,3,28-03-2024,IMPRESSIONS,VIEWED,11.23
550,6,1,19-06-2024,CART,ADDED TO CART,71.27
551,241,18,09-01-2023,CLICK,CLICKED,37.47
552,221,10,03-09-2024,IMPRESSIONS,VIEWED,12.54
553,288,14,09-02-2024,IMPRESSIONS,VIEWED,13.82
554,41,14,02-10-2024,IMPRESSIONS,VIEWED,30.94
555,273,9,27-02-2024,IMPRESSIONS,VIEWED,10.46
556,57,15,24-09-2024,CLICK,CLICKED,39.05
557,78,2,01-07-2024,IMPRESSIONS,VIEWED,15.77
558,225,1,27-08-2023,IMPRESSIONS,VIEWED,13.69
559,216,10,25-05-2024,CHECKOUT,PURCHASED,222.72
560,17,11,24-03-2023,CART,ADDED TO CART,36.72
561,201,3,10-07-2024,CLICK,CLICKED,76.29
562,7,4,12-09-2023,IMPRESSIONS,VIEWED,34.5
563,18,7,16-04-2024,CART,ADDED TO CART,92.54
564,107,16,03-02-2024,CLICK,CLICKED,26.9
565,22,18,17-06-2024,IMPRESSIONS,VIEWED,12.95
566,27,7,26-04-2023,IMPRESSIONS,VIEWED,5.6
567,142,19,03-05-2023,IMPRESSIONS,VIEWED,43.75
568,298,16,05-12-2024,CLICK,CLICKED,33.65
569,256,3,03-12-2024,CLICK,CLICKED,41.66
570,79,18,20-04-2023,IMPRESSIONS,VIEWED,44.27
571,178,15,17-07-2023,IMPRESSIONS,VIEWED,33.98
572,129,2,11-05-2024,CLICK,CLICKED,29.23
573,96,18,23-12-2023,IMPRESSIONS,VIEWED,39.71
574,284,6,12-03-2023,CLICK,CLICKED,76.46
575,278,12,09-04-2024,IMPRESSIONS,VIEWED,40.32
576,187,20,02-09-2023,IMPRESSIONS,VIEWED,12.59
577,255,18,07-06-2023,CLICK,CLICKED,63.07
578,57,4,19-06-2024,CLICK,CLICKED,28.4
579,17,7,20-04-2023,CLICK,CLICKED,57.83
580,199,16,22-06-2024,CLICK,CLICKED,42.48
581,37,1,02-08-2023,CLICK,CLICKED,75.08
582,32,12,25-07-2024,CART,ADDED TO CART,128.64
583,30,20,30-09-2023,CLICK,CLICKED,20.85
584,111,17,10-04-2023,IMPRESSIONS,VIEWED,12.58
585,270,8,06-08-2024,CLICK,CLICKED,70.96
586,296,12,21-11-2024,CLICK,CLICKED,27.51
587,93,18,16-02-2024,CLICK,CLICKED,85.01
588,162,18,29-11-2023,CART,ADDED TO CART,121.7
589,221,11,15-09-2024,IMPRESSIONS,VIEWED,35.63
590,131,12,08-04-2024,IMPRESSIONS,VIEWED,34.05
591,146,20,17-01-2023,CLICK,CLICKED,37.53
592,114,7,19-11-2023,IMPRESSIONS,VIEWED,8.77
593,236,12,09-06-2023,IMPRESSIONS,VIEWED,14.32
594,154,3,07-08-2024,IMPRESSIONS,VIEWED,33.94
595,248,6,14-05-2024,CART,ADDED TO CART,101.43
596,154,2,13-08-2024,IMPRESSIONS,VIEWED,18.92
597,223,14,04-05-2023,CHECKOUT,ABANDONED,
598,6,13,25-02-2023,IMPRESSIONS,VIEWED,26.6
599,77,11,29-05-2024,CLICK,CLICKED,65.52
600,202,15,01-09-2024,CLICK,CLICKED,47.4
601,202,5,16-05-2023,IMPRESSIONS,VIEWED,26.93
602,135,3,13-02-2024,CLICK,CLICKED,51.07
603,102,16,09-02-2024,CLICK,CLICKED,33.17
604,137,14,28-11-2023,CLICK,CLICKED,65.38
605,217,12,23-12-2023,IMPRESSIONS,VIEWED,35.79
606,87,12,23-09-2024,CART,ADDED TO CART,104.78
607,226,2,28-08-2023,IMPRESSIONS,VIEWED,35.31
608,44,4,25-02-2023,IMPRESSIONS,VIEWED,5.55
609,57,10,05-04-2024,CLICK,CLICKED,70.5
610,109,7,13-07-2024,CLICK,CLICKED,61.73
611,73,1,21-01-2024,CLICK,CLICKED,27.77
612,146,7,14-12-2024,CLICK,CLICKED,64.11
613,5,3,02-02-2024,CLICK,CLICKED,16.43
614,198,8,25-01-2024,CLICK,CLICKED,51.35
615,273,3,10-07-2023,IMPRESSIONS,VIEWED,6.59
616,272,10,08-12-2023,CLICK,CLICKED,41.01
617,181,12,02-10-2024,IMPRESSIONS,VIEWED,30.03
618,199,1,22-07-2024,CHECKOUT,ABANDONED,
619,78,11,07-02-2024,CLICK,CLICKED,54.05
620,117,14,04-09-2023,CLICK,CLICKED,83.23
621,169,15,09-07-2024,IMPRESSIONS,VIEWED,39.5
622,159,17,19-05-2023,IMPRESSIONS,VIEWED,17.7
623,286,18,02-05-2023,IMPRESSIONS,VIEWED,35.62
624,212,14,07-11-2023,IMPRESSIONS,VIEWED,36.16
625,55,5,09-07-2023,IMPRESSIONS,VIEWED,28.85
626,119,1,03-01-2024,IMPRESSIONS,VIEWED,25.09
627,241,12,08-07-2023,CHECKOUT,ABANDONED,
628,243,5,17-06-2023,IMPRESSIONS,VIEWED,35.58
629,8,9,27-02-2024,IMPRESSIONS,VIEWED,7.65
630,225,20,16-05-2024,CLICK,CLICKED,47.07
631,22,20,25-01-2024,CART,ADDED TO CART,103.38
632,293,20,03-07-2024,CLICK,CLICKED,48.87
633,22,8,15-06-2024,CLICK,CLICKED,53.71
634,26,7,26-10-2023,IMPRESSIONS,VIEWED,23.45
635,217,10,19-09-2024,DROP-OFF,ABANDONED,
636,265,5,19-04-2024,CART,ADDED TO CART,40.85
637,257,4,04-07-2023,CART,ADDED TO CART,77.17
638,166,15,26-01-2023,IMPRESSIONS,VIEWED,8.61
639,166,6,07-05-2023,IMPRESSIONS,VIEWED,8.41
640,197,17,18-09-2024,CHECKOUT,ABANDONED,
641,282,13,14-02-2023,CART,ADDED TO CART,97.86
642,77,6,29-05-2023,IMPRESSIONS,VIEWED,17.32
643,229,10,03-10-2024,IMPRESSIONS,VIEWED,5.14
644,130,1,14-04-2024,CLICK,CLICKED,60.6
645,253,8,11-08-2023,CLICK,CLICKED,45.76
646,41,20,06-09-2024,IMPRESSIONS,VIEWED,6.96
647,76,2,30-10-2024,IMPRESSIONS,VIEWED,31.68
648,153,11,31-03-2023,IMPRESSIONS,VIEWED,11.45
649,146,20,07-11-2024,CLICK,CLICKED,71.2
650,185,2,06-04-2023,CART,ADDED TO CART,74.23
651,195,3,13-03-2024,CART,ADDED TO CART,65.14
652,69,4,12-12-2024,CHECKOUT,ABANDONED,
653,270,14,21-06-2024,IMPRESSIONS,VIEWED,9.37
654,271,3,10-05-2024,CART,ADDED TO CART,81.25
655,163,9,22-06-2024,CLICK,CLICKED,61.07
656,255,17,09-10-2024,CLICK,CLICKED,68.14
657,100,1,02-05-2023,IMPRESSIONS,VIEWED,36.98
658,213,14,16-02-2023,IMPRESSIONS,VIEWED,30.62
659,145,9,11-03-2023,IMPRESSIONS,VIEWED,9.55
660,171,11,10-02-2024,CART,ADDED TO CART,129.85
661,100,11,13-12-2023,CHECKOUT,ABANDONED,
662,243,2,23-10-2024,IMPRESSIONS,VIEWED,40.68
663,275,11,18-04-2024,CART,ADDED TO CART,141.33
664,29,17,03-11-2023,CLICK,CLICKED,30.62
665,170,12,09-03-2023,CHECKOUT,PURCHASED,259.39
666,174,13,03-10-2024,CLICK,CLICKED,29.05
667,60,10,23-12-2024,DROP-OFF,ABANDONED,
668,17,9,28-02-2024,IMPRESSIONS,VIEWED,23.08
669,155,7,21-06-2024,IMPRESSIONS,VIEWED,36.4
670,104,3,30-03-2024,CLICK,CLICKED,29.27
671,248,17,14-11-2023,CART,ADDED TO CART,122.34
672,51,17,23-11-2024,CHECKOUT,PURCHASED,229.77
673,236,13,31-12-2024,CHECKOUT,ABANDONED,
674,3,10,15-02-2023,CLICK,CLICKED,50.02
675,24,4,17-06-2024,CART,ADDED TO CART,32.7
676,160,7,25-11-2023,IMPRESSIONS,VIEWED,26.29
677,226,4,07-10-2023,IMPRESSIONS,VIEWED,5.61
678,287,17,15-04-2023,IMPRESSIONS,VIEWED,15.84
679,146,19,08-09-2023,IMPRESSIONS,VIEWED,26.62
680,26,5,30-01-2023,CLICK,CLICKED,43.77
681,45,14,06-02-2024,IMPRESSIONS,VIEWED,17.5
682,102,18,22-03-2023,CHECKOUT,PURCHASED,189.79
683,48,15,10-04-2023,CLICK,CLICKED,32.38
684,115,5,23-09-2024,IMPRESSIONS,VIEWED,12.33
685,170,11,09-04-2024,CLICK,CLICKED,23.47
686,246,15,24-06-2023,IMPRESSIONS,VIEWED,25.32
687,208,4,30-11-2023,CLICK,CLICKED,54.96
688,206,19,28-02-2024,IMPRESSIONS,VIEWED,43.96
689,197,3,15-12-2023,IMPRESSIONS,VIEWED,27.69
690,176,18,11-12-2024,IMPRESSIONS,VIEWED,9.57
691,238,11,22-07-2024,IMPRESSIONS,VIEWED,17.32
692,208,3,04-09-2024,IMPRESSIONS,VIEWED,24.77
693,32,3,11-08-2023,CART,ADDED TO CART,120.85
694,77,15,28-06-2024,IMPRESSIONS,VIEWED,13.23
695,163,10,06-08-2024,CART,ADDED TO CART,140.22
696,223,12,02-04-2023,CLICK,CLICKED,78.94
697,32,12,16-07-2024,CHECKOUT,PURCHASED,224.36
698,184,4,16-10-2023,CHECKOUT,ABANDONED,
699,222,19,08-02-2024,CLICK,CLICKED,43.62
700,280,7,09-11-2024,IMPRESSIONS,VIEWED,27.22
701,185,14,07-06-2023,IMPRESSIONS,VIEWED,5.46
702,9,5,13-05-2024,CLICK,CLICKED,25.29
703,213,15,13-12-2024,CLICK,CLICKED,49.08
704,218,18,05-04-2024,IMPRESSIONS,VIEWED,21.99
705,4,19,25-05-2024,CART,ADDED TO CART,115.46
706,138,14,13-07-2024,CLICK,CLICKED,57.61
707,189,4,17-08-2024,CLICK,CLICKED,69.76
708,270,9,21-04-2024,CLICK,CLICKED,50.43
709,40,18,16-08-2024,IMPRESSIONS,VIEWED,26.4
710,6,16,09-04-2024,CLICK,CLICKED,46.58
711,151,10,21-06-2023,IMPRESSIONS,VIEWED,7.46
712,243,19,23-06-2023,CLICK,CLICKED,36.51
713,43,5,01-06-2024,IMPRESSIONS,VIEWED,10.3
714,144,9,21-09-2023,IMPRESSIONS,VIEWED,41.41
715,78,15,14-01-2024,CART,ADDED TO CART,123.9
716,121,16,05-07-2023,CART,ADDED TO CART,71.14
717,44,5,01-09-2024,CHECKOUT,ABANDONED,
718,254,14,28-01-2024,IMPRESSIONS,VIEWED,13.43
719,177,2,19-10-2024,IMPRESSIONS,VIEWED,11.7
720,205,16,05-11-2023,CLICK,CLICKED,66.26
721,200,16,26-09-2023,IMPRESSIONS,VIEWED,16.55
722,230,13,25-11-2024,IMPRESSIONS,VIEWED,41.71
723,182,14,17-09-2024,CHECKOUT,ABANDONED,
724,172,9,01-10-2023,CART,ADDED TO CART,108.52
725,201,15,22-11-2024,CART,ADDED TO CART,92.39
726,93,11,14-07-2024,IMPRESSIONS,VIEWED,5.48
727,51,17,17-04-2023,CLICK,CLICKED,69.39
728,129,7,04-02-2023,IMPRESSIONS,VIEWED,42.54
729,112,20,15-10-2024,IMPRESSIONS,VIEWED,39.26
730,67,13,03-11-2024,CART,ADDED TO CART,137.52
731,95,9,29-10-2023,CLICK,CLICKED,84.2
732,142,14,09-12-2024,CHECKOUT,ABANDONED,
733,132,6,17-03-2023,IMPRESSIONS,VIEWED,20.54
734,31,9,29-09-2023,IMPRESSIONS,VIEWED,44.18
735,103,20,07-02-2024,IMPRESSIONS,VIEWED,10.75
736,221,7,20-09-2024,CLICK,CLICKED,22.75
737,38,3,08-08-2024,CART,ADDED TO CART,32.25
738,255,5,30-10-2024,CLICK,CLICKED,34.98
739,169,13,11-08-2024,IMPRESSIONS,VIEWED,22.44
740,36,18,20-08-2023,IMPRESSIONS,VIEWED,27.69
741,184,11,29-11-2024,IMPRESSIONS,VIEWED,19.61
742,175,3,15-04-2024,CART,ADDED TO CART,107.74
743,91,18,10-02-2023,CHECKOUT,PURCHASED,121.21
744,200,4,07-10-2024,CLICK,CLICKED,81.39
745,225,7,24-05-2023,IMPRESSIONS,VIEWED,24.57
746,33,18,20-10-2024,IMPRESSIONS,VIEWED,6.48
747,29,11,13-02-2023,IMPRESSIONS,VIEWED,42.6
748,275,5,16-08-2024,IMPRESSIONS,VIEWED,34.42
749,251,1,27-04-2024,DROP-OFF,ABANDONED,
750,24,8,19-12-2024,CLICK,CLICKED,62.45
751,158,4,12-04-2024,CLICK,CLICKED,23.56
752,113,3,27-07-2023,IMPRESSIONS,VIEWED,9.83
753,295,18,21-05-2023,IMPRESSIONS,VIEWED,28.72
754,172,3,04-05-2023,IMPRESSIONS,VIEWED,32.85
755,284,6,25-03-2024,IMPRESSIONS,VIEWED,9.0
756,193,6,17-01-2023,CHECKOUT,ABANDONED,
757,4,1,03-07-2023,DROP-OFF,ABANDONED,
758,146,14,11-12-2024,CART,ADDED TO CART,113.08
759,106,5,17-10-2024,IMPRESSIONS,VIEWED,14.57
760,90,20,09-12-2024,IMPRESSIONS,VIEWED,29.48
761,46,10,23-12-2023,IMPRESSIONS,VIEWED,9.7
762,272,4,25-09-2024,IMPRESSIONS,VIEWED,35.81
763,107,9,24-02-2023,IMPRESSIONS,VIEWED,24.9
764,82,2,25-02-2023,CLICK,CLICKED,47.6
765,172,20,09-04-2024,IMPRESSIONS,VIEWED,11.32
766,15,16,11-06-2024,IMPRESSIONS,VIEWED,28.71
767,167,14,23-07-2023,CART,ADDED TO CART,57.61
768,57,11,22-08-2023,IMPRESSIONS,VIEWED,20.02
769,113,3,27-04-2024,CLICK,CLICKED,25.87
770,233,6,01-02-2024,IMPRESSIONS,VIEWED,30.28
771,139,7,10-12-2023,IMPRESSIONS,VIEWED,10.46
772,239,15,04-03-2024,IMPRESSIONS,VIEWED,40.46
773,81,20,24-06-2023,CLICK,CLICKED,45.88
774,268,16,10-08-2023,CLICK,CLICKED,16.09
775,220,8,11-09-2023,IMPRESSIONS,VIEWED,41.55
776,3,14,15-02-2023,IMPRESSIONS,VIEWED,22.03
777,202,16,14-12-2024,CART,ADDED TO CART,89.43
778,43,18,13-01-2023,CLICK,CLICKED,24.95
779,152,8,25-10-2024,CHECKOUT,PURCHASED,167.34
780,157,6,21-12-2024,CLICK,CLICKED,49.78
781,71,13,09-07-2023,CART,ADDED TO CART,105.22
782,1,3,30-01-2024,CHECKOUT,ABANDONED,
783,272,2,31-10-2023,IMPRESSIONS,VIEWED,36.51
784,42,20,10-12-2023,CART,ADDED TO CART,91.77
785,187,2,24-04-2023,IMPRESSIONS,VIEWED,19.62
786,90,18,22-12-2024,IMPRESSIONS,VIEWED,44.25
787,123,18,27-04-2023,CLICK,CLICKED,39.03
788,137,17,27-11-2024,IMPRESSIONS,VIEWED,19.91
789,232,16,28-05-2024,CLICK,CLICKED,68.24
790,273,10,07-04-2024,CLICK,CLICKED,81.89
791,235,3,24-03-2023,IMPRESSIONS,VIEWED,43.33
792,40,4,18-06-2023,IMPRESSIONS,VIEWED,11.02
793,105,17,04-10-2024,IMPRESSIONS,VIEWED,23.96
794,216,15,22-10-2024,IMPRESSIONS,VIEWED,5.88
795,119,17,22-10-2024,IMPRESSIONS,VIEWED,24.45
796,272,18,31-03-2024,CLICK,CLICKED,27.88
797,134,8,10-05-2024,IMPRESSIONS,VIEWED,10.93
798,146,15,20-06-2023,CLICK,CLICKED,28.67
799,90,5,15-06-2023,IMPRESSIONS,VIEWED,27.98
800,226,9,14-01-2024,IMPRESSIONS,VIEWED,44.12
801,76,12,04-04-2024,CLICK,CLICKED,24.11
802,13,13,26-05-2024,CART,ADDED TO CART,141.34
803,80,1,13-07-2024,CHECKOUT,PURCHASED,210.05
804,152,16,24-10-2023,CHECKOUT,PURCHASED,248.89
805,227,11,06-12-2024,IMPRESSIONS,VIEWED,10.58
806,283,4,12-11-2023,IMPRESSIONS,VIEWED,19.3
807,168,2,14-09-2024,CLICK,CLICKED,29.68
808,43,18,01-04-2024,CLICK,CLICKED,29.58
809,163,20,11-09-2024,CLICK,CLICKED,44.82
810,219,12,31-01-2024,IMPRESSIONS,VIEWED,19.05
811,229,18,31-03-2023,IMPRESSIONS,VIEWED,37.15
812,148,6,10-03-2024,CART,ADDED TO CART,46.75
813,45,5,01-08-2023,IMPRESSIONS,VIEWED,42.33
814,193,3,07-01-2023,IMPRESSIONS,VIEWED,12.0
815,237,19,21-05-2023,IMPRESSIONS,VIEWED,27.15
816,22,10,22-08-2024,IMPRESSIONS,VIEWED,6.07
817,2,5,26-09-2023,IMPRESSIONS,VIEWED,31.15
818,148,14,03-07-2023,CLICK,CLICKED,23.95
819,142,16,10-03-2023,CLICK,CLICKED,57.42
820,133,16,11-12-2024,CART,ADDED TO CART,91.5
821,295,1,23-09-2023,IMPRESSIONS,VIEWED,17.79
822,70,12,17-06-2023,IMPRESSIONS,VIEWED,30.45
823,183,2,24-10-2023,IMPRESSIONS,VIEWED,35.66
824,94,4,05-09-2024,CART,ADDED TO CART,134.69
825,155,9,02-12-2024,CLICK,CLICKED,55.08
826,181,5,14-01-2023,IMPRESSIONS,VIEWED,36.15
827,211,11,16-06-2023,IMPRESSIONS,VIEWED,38.26
828,287,20,07-12-2024,CART,ADDED TO CART,80.08
829,40,4,15-05-2023,CHECKOUT,ABANDONED,
830,179,10,08-12-2024,IMPRESSIONS,VIEWED,11.89
831,156,1,02-05-2023,IMPRESSIONS,VIEWED,17.3
832,108,5,22-03-2023,IMPRESSIONS,VIEWED,5.75
833,248,14,13-02-2023,IMPRESSIONS,VIEWED,23.76
834,130,2,09-03-2023,IMPRESSIONS,VIEWED,36.29
835,106,19,24-07-2023,IMPRESSIONS,VIEWED,8.63
836,143,19,23-12-2023,IMPRESSIONS,VIEWED,8.96
837,297,1,25-06-2024,IMPRESSIONS,VIEWED,11.87
838,276,1,12-04-2023,DROP-OFF,ABANDONED,
839,244,12,15-12-2024,CLICK,CLICKED,28.56
840,182,13,10-03-2024,IMPRESSIONS,VIEWED,9.51
841,161,4,22-04-2024,IMPRESSIONS,VIEWED,35.49
842,148,18,11-02-2023,IMPRESSIONS,VIEWED,20.39
843,234,20,16-11-2023,CLICK,CLICKED,56.54
844,149,14,13-07-2023,CHECKOUT,ABANDONED,
845,189,6,14-01-2023,CHECKOUT,PURCHASED,216.38
846,203,15,19-06-2024,CLICK,CLICKED,25.75
847,206,19,15-04-2023,CART,ADDED TO CART,37.77
848,102,11,25-07-2023,CLICK,CLICKED,32.47
849,218,16,13-10-2023,CART,ADDED TO CART,120.76
850,205,12,02-05-2024,CLICK,CLICKED,53.36
851,76,15,21-04-2023,IMPRESSIONS,VIEWED,14.23
852,69,1,12-04-2023,CART,ADDED TO CART,89.78
853,14,6,27-01-2024,CLICK,CLICKED,37.71
854,50,3,07-11-2024,CART,ADDED TO CART,125.13
855,104,10,08-11-2024,CLICK,CLICKED,75.71
856,277,18,19-01-2023,CHECKOUT,PURCHASED,297.63
857,61,13,05-04-2024,IMPRESSIONS,VIEWED,23.39
858,17,6,24-07-2024,CLICK,CLICKED,51.86
859,69,10,03-02-2024,CLICK,CLICKED,64.51
860,277,19,26-04-2024,CLICK,CLICKED,44.35
861,254,19,22-01-2024,CLICK,CLICKED,39.04
862,15,19,16-02-2023,IMPRESSIONS,VIEWED,37.38
863,299,1,02-10-2024,IMPRESSIONS,VIEWED,18.81
864,183,14,26-12-2023,IMPRESSIONS,VIEWED,14.38
865,160,19,28-03-2023,CHECKOUT,ABANDONED,
866,157,4,12-12-2023,IMPRESSIONS,VIEWED,23.44
867,217,19,11-06-2024,CHECKOUT,ABANDONED,
868,11,16,25-08-2024,IMPRESSIONS,VIEWED,27.81
869,166,19,11-04-2023,CART,ADDED TO CART,112.9
870,106,11,23-05-2024,CLICK,CLICKED,61.11
871,187,14,26-07-2023,CLICK,CLICKED,36.55
872,25,10,10-08-2024,IMPRESSIONS,VIEWED,33.71
873,297,4,29-08-2024,IMPRESSIONS,VIEWED,22.08
874,178,3,29-10-2024,CART,ADDED TO CART,81.95
875,277,11,24-07-2023,IMPRESSIONS,VIEWED,31.86
876,281,6,20-01-2023,CLICK,CLICKED,30.97
877,240,9,15-10-2024,CLICK,CLICKED,54.17
878,187,15,01-06-2023,IMPRESSIONS,VIEWED,21.41
879,33,7,27-02-2024,IMPRESSIONS,VIEWED,15.26
880,121,13,02-09-2023,IMPRESSIONS,VIEWED,14.82
881,159,15,12-05-2024,CLICK,CLICKED,63.52
882,19,7,13-06-2023,IMPRESSIONS,VIEWED,36.59
883,143,18,30-06-2023,CLICK,CLICKED,73.67
884,29,3,18-11-2023,CLICK,CLICKED,82.26
885,47,13,24-05-2023,IMPRESSIONS,VIEWED,24.86
886,47,8,06-09-2024,IMPRESSIONS,VIEWED,38.29
887,200,8,09-03-2024,IMPRESSIONS,VIEWED,13.56
888,141,15,23-02-2024,IMPRESSIONS,VIEWED,26.34
889,58,11,12-07-2024,IMPRESSIONS,VIEWED,40.18
890,75,12,01-05-2024,CLICK,CLICKED,63.4
891,18,2,08-12-2024,DROP-OFF,ABANDONED,
892,123,9,19-07-2024,IMPRESSIONS,VIEWED,26.4
893,122,15,02-02-2024,IMPRESSIONS,VIEWED,17.04
894,121,10,04-08-2023,CHECKOUT,ABANDONED,
895,225,11,21-10-2024,IMPRESSIONS,VIEWED,39.66
896,252,16,27-02-2024,CHECKOUT,ABANDONED,
897,217,4,14-06-2023,CLICK,CLICKED,46.57
898,281,11,09-04-2024,CLICK,CLICKED,62.26
899,70,1,15-02-2024,IMPRESSIONS,VIEWED,28.03
900,57,6,13-09-2023,CLICK,CLICKED,74.45
901,164,15,04-05-2024,CHECKOUT,ABANDONED,
902,134,6,04-12-2024,CLICK,CLICKED,29.9
903,213,12,06-07-2023,IMPRESSIONS,VIEWED,5.83
904,12,18,24-10-2024,CLICK,CLICKED,88.06
905,102,9,19-12-2024,CHECKOUT,ABANDONED,
906,206,20,15-03-2024,CLICK,CLICKED,86.85
907,88,19,01-05-2023,IMPRESSIONS,VIEWED,38.09
908,254,4,18-08-2023,CLICK,CLICKED,36.6
909,254,13,14-05-2023,IMPRESSIONS,VIEWED,44.81
910,145,7,04-03-2024,IMPRESSIONS,VIEWED,16.61
911,135,8,24-09-2024,CLICK,CLICKED,58.72
912,235,3,11-01-2023,CLICK,CLICKED,66.51
913,197,14,03-09-2024,IMPRESSIONS,VIEWED,7.08
914,121,16,29-12-2023,CHECKOUT,PURCHASED,46.37
915,259,20,26-01-2024,IMPRESSIONS,VIEWED,10.29
916,287,2,17-08-2024,IMPRESSIONS,VIEWED,42.21
917,240,5,02-04-2023,IMPRESSIONS,VIEWED,15.42
918,161,2,11-05-2023,CLICK,CLICKED,84.47
919,145,9,19-09-2024,CART,ADDED TO CART,92.04
920,224,6,20-11-2023,CART,ADDED TO CART,121.64
921,78,18,04-11-2024,CLICK,CLICKED,29.17
922,28,8,07-07-2023,IMPRESSIONS,VIEWED,33.24
923,224,4,21-05-2024,IMPRESSIONS,VIEWED,23.31
924,58,5,07-05-2023,IMPRESSIONS,VIEWED,12.23
925,87,17,07-10-2023,CLICK,CLICKED,54.45
926,293,6,02-03-2024,CHECKOUT,ABANDONED,
927,256,4,03-12-2023,IMPRESSIONS,VIEWED,19.94
928,55,11,07-06-2023,IMPRESSIONS,VIEWED,23.16
929,138,20,04-11-2024,IMPRESSIONS,VIEWED,18.0
930,292,5,05-08-2023,DROP-OFF,ABANDONED,
931,145,11,26-02-2023,CART,ADDED TO CART,41.11
932,131,6,03-09-2023,CHECKOUT,PURCHASED,67.74
933,107,6,02-02-2024,CART,ADDED TO CART,107.66
934,79,4,02-11-2023,CLICK,CLICKED,82.78
935,68,12,12-11-2024,IMPRESSIONS,VIEWED,24.58
936,199,16,02-10-2023,CLICK,CLICKED,71.74
937,189,20,10-07-2023,IMPRESSIONS,VIEWED,6.62
938,175,15,23-11-2024,IMPRESSIONS,VIEWED,26.09
939,269,3,25-10-2023,CLICK,CLICKED,37.53
940,66,10,12-09-2023,CLICK,CLICKED,56.32
941,24,17,21-04-2023,CLICK,CLICKED,49.85
942,292,9,30-12-2023,IMPRESSIONS,VIEWED,9.56
943,237,6,06-07-2023,CART,ADDED TO CART,39.99
944,153,11,24-08-2024,CART,ADDED TO CART,104.86
945,136,11,11-07-2023,IMPRESSIONS,VIEWED,39.86
946,55,14,01-07-2024,IMPRESSIONS,VIEWED,5.53
947,245,15,09-12-2024,IMPRESSIONS,VIEWED,29.74
948,185,13,06-11-2023,IMPRESSIONS,VIEWED,12.63
949,9,7,28-01-2023,IMPRESSIONS,VIEWED,22.43
950,276,7,30-03-2023,IMPRESSIONS,VIEWED,23.96
951,12,4,20-06-2023,DROP-OFF,ABANDONED,
952,228,16,27-04-2024,IMPRESSIONS,VIEWED,13.05
953,292,13,22-02-2023,IMPRESSIONS,VIEWED,44.18
954,254,19,02-09-2024,CART,ADDED TO CART,34.44
955,205,16,09-06-2024,CLICK,CLICKED,68.57
956,271,1,08-03-2024,CLICK,CLICKED,81.97
957,214,16,30-04-2023,CLICK,CLICKED,67.31
958,11,6,22-10-2023,CART,ADDED TO CART,71.26
959,119,17,13-08-2023,CLICK,CLICKED,24.84
960,151,13,02-03-2024,CART,ADDED TO CART,125.52
961,83,20,01-08-2023,IMPRESSIONS,VIEWED,10.16
962,103,6,12-09-2024,CLICK,CLICKED,37.77
963,108,18,18-02-2023,CHECKOUT,PURCHASED,269.63
964,183,6,28-06-2023,CART,ADDED TO CART,126.82
965,173,14,27-04-2023,CLICK,CLICKED,51.48
966,175,12,17-02-2023,CART,ADDED TO CART,137.56
967,264,20,16-11-2024,IMPRESSIONS,VIEWED,36.96
968,57,4,17-09-2024,CLICK,CLICKED,53.05
969,86,4,30-07-2023,CHECKOUT,ABANDONED,
970,150,15,02-06-2024,CLICK,CLICKED,63.53
971,172,5,06-05-2023,CART,ADDED TO CART,146.36
972,4,8,30-04-2024,IMPRESSIONS,VIEWED,15.64
973,213,12,06-10-2024,CLICK,CLICKED,74.04
974,71,14,28-02-2024,CHECKOUT,ABANDONED,
975,265,12,31-01-2023,IMPRESSIONS,VIEWED,8.39
976,162,13,18-06-2023,IMPRESSIONS,VIEWED,31.41
977,78,19,01-03-2023,CHECKOUT,PURCHASED,151.92
978,284,10,18-11-2023,CHECKOUT,ABANDONED,
979,144,17,17-09-2024,DROP-OFF,ABANDONED,
980,207,15,21-10-2024,IMPRESSIONS,VIEWED,40.51
981,208,7,05-11-2023,IMPRESSIONS,VIEWED,34.0
982,65,17,07-07-2024,IMPRESSIONS,VIEWED,25.85
983,82,1,29-01-2023,DROP-OFF,ABANDONED,
984,133,8,08-11-2023,CART,ADDED TO CART,117.84
985,191,9,04-10-2024,CLICK,CLICKED,71.74
986,64,15,02-11-2023,CLICK,CLICKED,40.42
987,121,19,02-08-2024,CLICK,CLICKED,37.44
988,294,5,22-01-2024,CLICK,CLICKED,39.59
989,299,7,05-01-2024,CLICK,CLICKED,77.13
990,42,3,05-03-2023,IMPRESSIONS,VIEWED,13.59
991,40,12,24-11-2024,CLICK,CLICKED,58.82
992,217,15,06-12-2024,CHECKOUT,ABANDONED,
993,214,6,28-05-2023,CLICK,CLICKED,24.7
994,263,17,01-05-2023,CLICK,CLICKED,17.45
995,81,18,14-01-2024,CHECKOUT,ABANDONED,
996,210,4,04-05-2023,IMPRESSIONS,VIEWED,25.91
997,61,12,09-11-2023,CHECKOUT,PURCHASED,119.97
998,15,5,26-05-2023,CART,ADDED TO CART,35.84
999,157,10,09-08-2023,IMPRESSIONS,VIEWED,9.89
1000,179,3,15-02-2023,IMPRESSIONS,VIEWED,41.01
1001,194,16,12-09-2024,IMPRESSIONS,VIEWED,35.47
1002,230,5,30-11-2023,IMPRESSIONS,VIEWED,14.31
1003,203,11,07-07-2024,IMPRESSIONS,VIEWED,30.84
1004,85,1,08-08-2024,CLICK,CLICKED,63.29
1005,44,7,25-09-2024,CLICK,CLICKED,71.29
1006,258,1,04-05-2023,CLICK,CLICKED,35.62
1007,106,8,23-12-2024,CART,ADDED TO CART,40.16
1008,274,20,25-11-2023,IMPRESSIONS,VIEWED,39.48
1009,12,11,23-03-2024,IMPRESSIONS,VIEWED,20.28
1010,47,4,12-04-2023,CLICK,CLICKED,28.7
1011,46,5,11-11-2023,CHECKOUT,PURCHASED,60.02
1012,167,6,28-01-2023,CLICK,CLICKED,22.41
1013,73,14,28-11-2023,IMPRESSIONS,VIEWED,13.1
1014,122,16,04-06-2024,CART,ADDED TO CART,143.92
1015,138,2,22-11-2023,CLICK,CLICKED,51.31
1016,209,8,20-01-2023,IMPRESSIONS,VIEWED,35.52
1017,65,10,04-08-2024,IMPRESSIONS,VIEWED,36.32
1018,73,12,07-07-2024,CHECKOUT,PURCHASED,182.07
1019,217,18,07-04-2024,IMPRESSIONS,VIEWED,31.12
1020,86,1,03-03-2023,CHECKOUT,ABANDONED,
1021,140,20,14-09-2023,CART,ADDED TO CART,149.91
1022,109,19,06-06-2024,IMPRESSIONS,VIEWED,17.03
1023,203,4,24-05-2023,CART,ADDED TO CART,135.39
1024,108,20,31-05-2024,CHECKOUT,PURCHASED,270.4
1025,176,9,25-12-2024,CLICK,CLICKED,40.62
1026,236,20,03-12-2023,IMPRESSIONS,VIEWED,29.35
1027,3,1,19-11-2024,IMPRESSIONS,VIEWED,26.53
1028,40,18,01-02-2023,DROP-OFF,ABANDONED,
1029,228,4,28-12-2023,CHECKOUT,PURCHASED,256.0
1030,184,13,01-07-2023,CART,ADDED TO CART,44.97
1031,190,7,31-03-2024,IMPRESSIONS,VIEWED,32.22
1032,184,7,03-04-2023,CART,ADDED TO CART,127.01
1033,114,8,20-05-2024,CHECKOUT,PURCHASED,116.59
1034,108,1,20-07-2023,CHECKOUT,PURCHASED,73.29
1035,143,19,27-05-2024,CLICK,CLICKED,19.9
1036,66,3,11-05-2023,IMPRESSIONS,VIEWED,12.67
1037,12,18,21-09-2024,IMPRESSIONS,VIEWED,42.52
1038,27,11,18-03-2024,CART,ADDED TO CART,62.88
1039,266,15,22-05-2024,IMPRESSIONS,VIEWED,6.88
1040,216,18,04-04-2024,IMPRESSIONS,VIEWED,18.39
1041,293,1,20-08-2023,CHECKOUT,PURCHASED,289.23
1042,128,7,18-06-2023,IMPRESSIONS,VIEWED,6.11
1043,222,1,29-08-2024,CART,ADDED TO CART,130.86
1044,127,4,29-04-2024,IMPRESSIONS,VIEWED,37.87
1045,267,8,16-03-2023,CART,ADDED TO CART,121.69
1046,229,19,08-05-2023,IMPRESSIONS,VIEWED,20.1
1047,34,5,05-03-2023,CHECKOUT,ABANDONED,
1048,29,10,17-09-2024,CLICK,CLICKED,65.82
1049,287,2,29-10-2023,CART,ADDED TO CART,41.5
1050,211,8,05-09-2024,CART,ADDED TO CART,84.41
1051,238,14,27-09-2024,CLICK,CLICKED,49.06
1052,169,19,17-07-2023,IMPRESSIONS,VIEWED,28.72
1053,100,19,10-05-2023,CLICK,CLICKED,46.58
1054,228,6,06-09-2023,IMPRESSIONS,VIEWED,10.11
1055,300,14,09-06-2024,CHECKOUT,PURCHASED,124.35
1056,278,5,31-05-2023,CLICK,CLICKED,42.66
1057,5,17,23-08-2024,CLICK,CLICKED,32.8
1058,287,2,08-03-2024,IMPRESSIONS,VIEWED,36.41
1059,175,7,14-11-2024,CLICK,CLICKED,78.9
1060,290,11,22-09-2024,IMPRESSIONS,VIEWED,9.19
1061,22,16,13-08-2023,DROP-OFF,ABANDONED,
1062,115,8,22-04-2024,CLICK,CLICKED,70.09
1063,170,13,30-07-2023,IMPRESSIONS,VIEWED,5.4
1064,184,1,22-07-2024,IMPRESSIONS,VIEWED,12.78
1065,300,12,14-02-2023,CHECKOUT,PURCHASED,95.45
1066,90,8,26-09-2023,CLICK,CLICKED,28.39
1067,12,6,26-09-2023,CHECKOUT,ABANDONED,
1068,71,13,01-11-2024,CART,ADDED TO CART,70.61
1069,108,10,12-04-2024,IMPRESSIONS,VIEWED,42.65
1070,223,3,02-05-2023,IMPRESSIONS,VIEWED,12.67
1071,194,12,22-11-2023,CLICK,CLICKED,72.23
1072,97,18,29-10-2023,CART,ADDED TO CART,59.66
1073,144,5,04-06-2024,CHECKOUT,PURCHASED,98.36
1074,42,16,10-11-2024,CLICK,CLICKED,71.35
1075,261,12,25-05-2024,CLICK,CLICKED,68.44
1076,270,16,21-05-2024,CLICK,CLICKED,30.54
1077,104,15,29-08-2023,IMPRESSIONS,VIEWED,40.55
1078,293,6,19-01-2024,IMPRESSIONS,VIEWED,35.06
1079,152,15,15-06-2024,IMPRESSIONS,VIEWED,25.49
1080,173,14,06-04-2024,CLICK,CLICKED,75.34
1081,163,9,27-01-2024,IMPRESSIONS,VIEWED,15.62
1082,39,12,26-03-2023,IMPRESSIONS,VIEWED,42.06
1083,51,4,15-03-2023,IMPRESSIONS,VIEWED,12.87
1084,169,9,06-11-2023,CART,ADDED TO CART,52.88
1085,71,18,25-09-2023,IMPRESSIONS,VIEWED,37.89
1086,207,13,16-08-2024,CART,ADDED TO CART,86.64
1087,263,5,12-02-2024,IMPRESSIONS,VIEWED,14.35
1088,283,15,17-04-2024,IMPRESSIONS,VIEWED,38.83
1089,220,14,03-08-2023,IMPRESSIONS,VIEWED,10.56
1090,66,10,10-01-2023,CLICK,CLICKED,31.91
1091,218,13,08-12-2024,CLICK,CLICKED,57.57
1092,17,5,07-06-2023,CHECKOUT,PURCHASED,189.89
1093,294,13,26-01-2024,IMPRESSIONS,VIEWED,26.38
1094,97,16,22-04-2023,IMPRESSIONS,VIEWED,8.73
1095,54,18,01-07-2023,IMPRESSIONS,VIEWED,12.47
1096,36,13,18-10-2023,IMPRESSIONS,VIEWED,23.19
1097,189,17,12-01-2023,IMPRESSIONS,VIEWED,11.28
1098,57,5,03-07-2024,IMPRESSIONS,VIEWED,43.2
1099,106,5,30-07-2023,IMPRESSIONS,VIEWED,29.15
1100,159,19,27-07-2023,CLICK,CLICKED,30.13
1101,74,15,07-03-2023,CART,ADDED TO CART,93.1
1102,292,16,16-04-2024,CLICK,CLICKED,36.59
1103,234,12,18-12-2024,CART,ADDED TO CART,76.93
1104,90,14,13-09-2023,IMPRESSIONS,VIEWED,20.39
1105,94,19,08-04-2023,IMPRESSIONS,VIEWED,40.42
1106,81,9,05-10-2024,CLICK,CLICKED,83.16
1107,211,18,05-05-2023,CHECKOUT,PURCHASED,237.63
1108,259,11,24-02-2024,CLICK,CLICKED,52.95
1109,237,1,16-03-2023,CLICK,CLICKED,40.77
1110,205,7,11-02-2024,IMPRESSIONS,VIEWED,33.36
1111,70,11,17-11-2024,CART,ADDED TO CART,85.36
1112,43,18,03-11-2024,IMPRESSIONS,VIEWED,23.83
1113,143,6,24-06-2023,CART,ADDED TO CART,51.27
1114,64,18,05-02-2024,IMPRESSIONS,VIEWED,11.14
1115,184,6,10-08-2023,CLICK,CLICKED,67.26
1116,268,4,04-02-2024,CLICK,CLICKED,59.87
1117,25,13,26-07-2023,CHECKOUT,ABANDONED,
1118,123,7,04-04-2023,IMPRESSIONS,VIEWED,18.48
1119,99,3,14-08-2023,CHECKOUT,PURCHASED,248.22
1120,86,6,15-02-2023,IMPRESSIONS,VIEWED,17.91
1121,98,20,01-08-2023,CHECKOUT,ABANDONED,
1122,220,4,26-08-2023,IMPRESSIONS,VIEWED,11.94
1123,206,11,13-01-2023,IMPRESSIONS,VIEWED,7.64
1124,143,20,13-01-2024,IMPRESSIONS,VIEWED,17.06
1125,256,4,30-12-2024,CLICK,CLICKED,86.93
1126,167,13,25-11-2024,DROP-OFF,ABANDONED,
1127,69,11,29-06-2023,CLICK,CLICKED,20.06
1128,10,20,22-08-2024,IMPRESSIONS,VIEWED,14.3
1129,64,10,31-08-2023,CART,ADDED TO CART,104.37
1130,31,5,19-01-2024,CLICK,CLICKED,43.18
1131,20,8,04-09-2024,CHECKOUT,PURCHASED,233.51
1132,169,5,12-10-2023,IMPRESSIONS,VIEWED,30.92
1133,148,1,23-08-2023,CART,ADDED TO CART,71.13
1134,106,18,25-02-2023,DROP-OFF,ABANDONED,
1135,128,8,14-09-2024,DROP-OFF,ABANDONED,
1136,165,6,28-03-2024,CLICK,CLICKED,20.25
1137,99,2,11-10-2024,CHECKOUT,PURCHASED,77.02
1138,89,19,16-07-2024,CART,ADDED TO CART,58.36
1139,41,14,23-04-2024,IMPRESSIONS,VIEWED,21.96
1140,128,10,20-10-2023,CLICK,CLICKED,79.68
1141,247,3,04-01-2024,IMPRESSIONS,VIEWED,22.66
1142,259,20,19-03-2024,CART,ADDED TO CART,32.38
1143,196,14,27-03-2023,CART,ADDED TO CART,101.42
1144,79,18,29-06-2023,IMPRESSIONS,VIEWED,23.14
1145,193,18,12-09-2024,CLICK,CLICKED,68.61
1146,101,5,14-07-2023,IMPRESSIONS,VIEWED,21.18
1147,213,13,18-01-2024,IMPRESSIONS,VIEWED,21.35
1148,20,4,30-01-2024,CHECKOUT,ABANDONED,
1149,100,14,19-09-2023,CART,ADDED TO CART,91.15
1150,251,12,14-12-2024,IMPRESSIONS,VIEWED,34.43
1151,125,16,05-02-2023,CHECKOUT,ABANDONED,
1152,15,5,25-09-2023,CLICK,CLICKED,33.56
1153,297,6,13-01-2023,IMPRESSIONS,VIEWED,20.91
1154,42,17,13-07-2023,CHECKOUT,ABANDONED,
1155,219,9,09-12-2024,IMPRESSIONS,VIEWED,34.36
1156,46,4,13-10-2024,CLICK,CLICKED,35.18
1157,108,13,16-12-2024,IMPRESSIONS,VIEWED,5.06
1158,36,14,21-06-2024,IMPRESSIONS,VIEWED,11.83
1159,192,6,21-12-2024,IMPRESSIONS,VIEWED,25.1
1160,57,15,03-08-2024,CART,ADDED TO CART,54.11
1161,94,7,23-09-2023,CHECKOUT,PURCHASED,157.39
1162,56,6,23-03-2023,IMPRESSIONS,VIEWED,16.07
1163,176,1,22-08-2024,IMPRESSIONS,VIEWED,5.38
1164,137,1,12-11-2024,CLICK,CLICKED,30.83
1165,4,13,09-09-2024,CLICK,CLICKED,50.49
1166,173,20,15-03-2024,IMPRESSIONS,VIEWED,37.67
1167,185,13,23-01-2024,CLICK,CLICKED,75.47
1168,2,15,16-12-2024,IMPRESSIONS,VIEWED,29.08
1169,272,9,17-12-2024,CART,ADDED TO CART,74.21
1170,244,17,28-02-2024,CLICK,CLICKED,16.25
1171,185,2,30-11-2023,CLICK,CLICKED,45.01
1172,42,12,14-03-2024,CHECKOUT,ABANDONED,
1173,52,13,28-10-2023,CLICK,CLICKED,24.59
1174,45,10,20-11-2024,CHECKOUT,PURCHASED,87.85
1175,229,4,08-05-2024,CLICK,CLICKED,30.87
1176,46,4,21-03-2024,CHECKOUT,PURCHASED,85.86
1177,168,13,15-10-2023,IMPRESSIONS,VIEWED,43.06
1178,64,5,01-07-2024,CLICK,CLICKED,74.67
1179,171,8,12-08-2024,CART,ADDED TO CART,107.28
1180,194,13,31-10-2024,CLICK,CLICKED,31.77
1181,60,10,31-03-2023,IMPRESSIONS,VIEWED,34.78
1182,60,19,12-01-2024,IMPRESSIONS,VIEWED,28.08
1183,1,10,05-03-2023,CLICK,CLICKED,88.49
1184,164,12,26-11-2024,CHECKOUT,ABANDONED,
1185,267,20,27-08-2024,IMPRESSIONS,VIEWED,26.53
1186,236,11,29-05-2023,CART,ADDED TO CART,130.47
1187,256,15,31-05-2023,CLICK,CLICKED,59.92
1188,159,17,06-12-2024,IMPRESSIONS,VIEWED,24.8
1189,193,2,08-12-2023,IMPRESSIONS,VIEWED,33.02
1190,27,6,14-05-2024,CART,ADDED TO CART,148.13
1191,82,1,15-07-2024,IMPRESSIONS,VIEWED,44.61
1192,201,13,15-03-2023,CLICK,CLICKED,67.23
1193,100,18,08-02-2024,IMPRESSIONS,VIEWED,38.99
1194,156,15,01-11-2024,IMPRESSIONS,VIEWED,32.84
1195,150,5,03-08-2023,IMPRESSIONS,VIEWED,19.49
1196,295,4,25-11-2024,CART,ADDED TO CART,75.19
1197,219,6,27-02-2023,IMPRESSIONS,VIEWED,42.8
1198,61,17,27-10-2024,IMPRESSIONS,VIEWED,30.08
1199,207,8,04-02-2023,IMPRESSIONS,VIEWED,17.11
1200,89,13,09-12-2024,CHECKOUT,PURCHASED,243.32
1201,196,9,09-10-2024,CLICK,CLICKED,24.0
1202,43,4,15-05-2024,CLICK,CLICKED,59.01
1203,294,16,08-10-2023,CLICK,CLICKED,43.8
1204,223,10,08-08-2024,IMPRESSIONS,VIEWED,33.55
1205,276,6,20-02-2024,CART,ADDED TO CART,77.26
1206,275,17,15-05-2024,IMPRESSIONS,VIEWED,43.63
1207,61,6,05-09-2024,CLICK,CLICKED,75.04
1208,63,2,12-05-2023,CLICK,CLICKED,57.19
1209,18,3,08-05-2023,CLICK,CLICKED,46.73
1210,1,8,04-11-2023,IMPRESSIONS,VIEWED,10.59
1211,252,11,19-06-2024,CHECKOUT,ABANDONED,
1212,276,17,03-08-2023,CLICK,CLICKED,17.76
1213,73,10,09-08-2023,CHECKOUT,PURCHASED,195.9
1214,143,5,29-09-2024,IMPRESSIONS,VIEWED,20.27
1215,84,13,12-04-2024,IMPRESSIONS,VIEWED,42.61
1216,74,18,28-07-2023,IMPRESSIONS,VIEWED,33.58
1217,289,17,11-09-2024,IMPRESSIONS,VIEWED,44.7
1218,223,13,27-01-2023,CHECKOUT,PURCHASED,64.77
1219,64,18,23-04-2023,CLICK,CLICKED,39.7
1220,46,12,08-12-2023,CART,ADDED TO CART,134.26
1221,116,9,11-01-2023,IMPRESSIONS,VIEWED,43.07
1222,64,6,23-06-2024,CART,ADDED TO CART,100.66
1223,251,4,25-06-2024,IMPRESSIONS,VIEWED,29.3
1224,25,6,22-11-2023,CHECKOUT,ABANDONED,
1225,93,12,25-11-2024,CHECKOUT,PURCHASED,166.6
1226,66,9,10-01-2023,CLICK,CLICKED,25.7
1227,291,9,24-02-2023,DROP-OFF,ABANDONED,
1228,190,8,25-11-2024,CLICK,CLICKED,47.92
1229,182,15,29-05-2024,IMPRESSIONS,VIEWED,17.21
1230,45,10,21-02-2024,CART,ADDED TO CART,106.16
1231,40,8,06-04-2023,IMPRESSIONS,VIEWED,34.74
1232,284,16,11-01-2023,CHECKOUT,PURCHASED,217.64
1233,70,16,24-05-2024,CLICK,CLICKED,16.04
1234,98,1,11-03-2024,CLICK,CLICKED,89.57
1235,271,20,13-02-2023,CLICK,CLICKED,28.11
1236,188,5,10-06-2024,IMPRESSIONS,VIEWED,24.82
1237,88,12,26-04-2023,IMPRESSIONS,VIEWED,16.6
1238,248,10,29-09-2023,IMPRESSIONS,VIEWED,41.92
1239,264,2,19-04-2024,CHECKOUT,ABANDONED,
1240,30,12,07-01-2023,CLICK,CLICKED,41.54
1241,3,12,10-07-2023,IMPRESSIONS,VIEWED,22.23
1242,102,3,25-06-2024,CLICK,CLICKED,24.29
1243,250,1,09-06-2023,CART,ADDED TO CART,57.13
1244,203,12,03-11-2023,IMPRESSIONS,VIEWED,9.35
1245,225,15,15-06-2023,IMPRESSIONS,VIEWED,19.37
1246,102,4,14-07-2023,IMPRESSIONS,VIEWED,21.84
1247,170,2,14-06-2023,CLICK,CLICKED,23.91
1248,251,18,22-05-2024,CART,ADDED TO CART,68.99
1249,205,17,03-02-2024,IMPRESSIONS,VIEWED,10.04
1250,177,17,14-01-2023,CART,ADDED TO CART,36.24
1251,176,14,03-09-2024,CART,ADDED TO CART,87.62
1252,145,16,26-03-2023,CART,ADDED TO CART,104.11
1253,262,6,13-09-2023,IMPRESSIONS,VIEWED,44.77
1254,127,14,23-07-2023,CLICK,CLICKED,29.15
1255,77,8,04-05-2023,IMPRESSIONS,VIEWED,44.62
1256,75,14,19-01-2023,CLICK,CLICKED,43.53
1257,269,10,17-12-2024,CLICK,CLICKED,40.21
1258,246,2,06-06-2024,IMPRESSIONS,VIEWED,9.4
1259,187,9,26-12-2023,CLICK,CLICKED,82.13
1260,94,2,01-01-2023,IMPRESSIONS,VIEWED,16.41
1261,144,20,14-04-2023,IMPRESSIONS,VIEWED,19.54
1262,156,4,10-04-2023,CLICK,CLICKED,42.04
1263,186,19,25-06-2024,CLICK,CLICKED,30.75
1264,197,3,19-04-2023,IMPRESSIONS,VIEWED,28.46
1265,98,7,22-12-2024,IMPRESSIONS,VIEWED,42.67
1266,176,10,30-04-2024,CHECKOUT,PURCHASED,181.06
1267,79,2,11-05-2023,IMPRESSIONS,VIEWED,40.8
1268,230,4,22-03-2024,IMPRESSIONS,VIEWED,11.68
1269,141,5,24-10-2023,IMPRESSIONS,VIEWED,34.63
1270,204,16,02-12-2024,CLICK,CLICKED,47.83
1271,261,13,29-07-2024,CART,ADDED TO CART,102.87
1272,106,6,04-01-2023,IMPRESSIONS,VIEWED,40.17
1273,263,15,30-05-2024,CLICK,CLICKED,78.94
1274,152,9,19-07-2024,IMPRESSIONS,VIEWED,26.34
1275,150,2,16-10-2024,IMPRESSIONS,VIEWED,15.82
1276,27,8,04-08-2023,CLICK,CLICKED,62.45
1277,189,11,27-03-2023,DROP-OFF,ABANDONED,
1278,136,5,23-02-2024,CHECKOUT,ABANDONED,
1279,167,2,02-10-2024,CART,ADDED TO CART,56.31
1280,144,6,20-09-2023,CHECKOUT,PURCHASED,229.26
1281,196,9,03-10-2024,CLICK,CLICKED,31.55
1282,138,7,18-08-2024,CLICK,CLICKED,48.45
1283,223,12,01-06-2023,CHECKOUT,ABANDONED,
1284,254,6,15-04-2024,IMPRESSIONS,VIEWED,27.79
1285,93,10,22-01-2023,IMPRESSIONS,VIEWED,32.49
1286,97,3,27-05-2023,IMPRESSIONS,VIEWED,41.37
1287,207,4,23-06-2024,IMPRESSIONS,VIEWED,20.12
1288,11,4,14-01-2023,CART,ADDED TO CART,45.86
1289,43,9,27-05-2023,DROP-OFF,ABANDONED,
1290,7,1,19-04-2023,CLICK,CLICKED,30.17
1291,246,19,30-03-2024,CART,ADDED TO CART,69.81
1292,80,8,27-02-2023,CLICK,CLICKED,16.59
1293,23,4,11-07-2024,IMPRESSIONS,VIEWED,5.05
1294,115,1,21-08-2023,IMPRESSIONS,VIEWED,31.21
1295,116,13,04-12-2024,CHECKOUT,ABANDONED,
1296,252,6,23-04-2023,IMPRESSIONS,VIEWED,8.05
1297,171,4,05-01-2024,CHECKOUT,ABANDONED,
1298,23,20,04-06-2023,IMPRESSIONS,VIEWED,32.18
1299,77,10,01-10-2024,CART,ADDED TO CART,135.05
1300,139,16,08-11-2024,IMPRESSIONS,VIEWED,36.55
1301,77,5,24-11-2023,IMPRESSIONS,VIEWED,37.59
1302,58,19,13-03-2024,CHECKOUT,PURCHASED,81.89
1303,166,5,06-07-2023,CART,ADDED TO CART,68.32
1304,218,16,11-12-2024,CHECKOUT,PURCHASED,80.25
1305,126,13,04-03-2024,CLICK,CLICKED,43.85
1306,298,14,23-06-2024,CLICK,CLICKED,32.64
1307,2,7,18-01-2023,IMPRESSIONS,VIEWED,41.84
1308,31,12,05-01-2024,CART,ADDED TO CART,65.36
1309,74,18,07-03-2024,IMPRESSIONS,VIEWED,34.88
1310,61,5,22-01-2024,CART,ADDED TO CART,74.6
1311,55,19,17-03-2023,CLICK,CLICKED,26.02
1312,73,3,08-09-2023,IMPRESSIONS,VIEWED,35.62
1313,241,5,24-06-2024,CLICK,CLICKED,45.86
1314,173,15,22-10-2024,CLICK,CLICKED,26.69
1315,17,20,27-06-2023,CLICK,CLICKED,77.45
1316,233,18,29-12-2024,CART,ADDED TO CART,115.12
1317,217,6,06-10-2023,CHECKOUT,PURCHASED,294.37
1318,65,7,15-02-2024,CLICK,CLICKED,28.78
1319,287,20,21-03-2023,CART,ADDED TO CART,87.29
1320,208,13,18-06-2023,IMPRESSIONS,VIEWED,12.79
1321,56,4,21-03-2023,IMPRESSIONS,VIEWED,14.58
1322,84,18,20-04-2023,IMPRESSIONS,VIEWED,12.51
1323,104,2,04-09-2023,IMPRESSIONS,VIEWED,6.83
1324,162,3,13-11-2023,IMPRESSIONS,VIEWED,43.35
1325,257,7,19-11-2023,CART,ADDED TO CART,146.86
1326,50,11,22-02-2024,DROP-OFF,ABANDONED,
1327,52,17,03-06-2023,IMPRESSIONS,VIEWED,28.45
1328,20,10,15-06-2023,IMPRESSIONS,VIEWED,40.41
1329,48,8,09-08-2023,CART,ADDED TO CART,122.26
1330,83,17,12-06-2024,CHECKOUT,PURCHASED,159.11
1331,68,11,25-10-2023,IMPRESSIONS,VIEWED,40.63
1332,199,8,02-08-2023,CHECKOUT,PURCHASED,289.29
1333,291,16,10-04-2023,CART,ADDED TO CART,121.96
1334,159,18,31-03-2023,CLICK,CLICKED,27.73
1335,152,6,11-03-2023,IMPRESSIONS,VIEWED,8.57
1336,92,15,22-09-2023,CHECKOUT,PURCHASED,239.6
1337,227,5,07-05-2023,CHECKOUT,PURCHASED,55.1
1338,147,13,23-02-2024,DROP-OFF,ABANDONED,
1339,67,15,11-01-2024,CLICK,CLICKED,21.26
1340,212,17,05-04-2024,IMPRESSIONS,VIEWED,34.64
1341,126,18,09-01-2023,IMPRESSIONS,VIEWED,20.03
1342,292,13,16-03-2023,IMPRESSIONS,VIEWED,18.96
1343,240,18,21-04-2024,IMPRESSIONS,VIEWED,41.7
1344,204,14,24-07-2023,IMPRESSIONS,VIEWED,18.7
1345,249,7,20-12-2024,CART,ADDED TO CART,63.41
1346,20,18,09-06-2023,CHECKOUT,ABANDONED,
1347,110,11,04-08-2024,IMPRESSIONS,VIEWED,42.46
1348,186,14,29-04-2024,IMPRESSIONS,VIEWED,43.11
1349,217,9,16-09-2023,CLICK,CLICKED,20.19
1350,208,3,02-11-2023,CHECKOUT,ABANDONED,
1351,215,17,08-08-2023,CLICK,CLICKED,77.29
1352,48,14,17-12-2023,CHECKOUT,PURCHASED,86.96
1353,179,14,08-05-2024,CLICK,CLICKED,41.6
1354,293,13,11-01-2023,CLICK,CLICKED,69.2
1355,297,20,29-05-2023,IMPRESSIONS,VIEWED,11.02
1356,235,5,26-05-2024,CHECKOUT,ABANDONED,
1357,209,9,17-06-2024,CART,ADDED TO CART,143.2
1358,65,15,16-10-2024,CHECKOUT,PURCHASED,54.3
1359,97,14,14-12-2024,CLICK,CLICKED,31.21
1360,108,7,26-11-2024,CLICK,CLICKED,76.03
1361,9,10,11-11-2023,CLICK,CLICKED,63.67
1362,234,14,25-02-2024,IMPRESSIONS,VIEWED,9.54
1363,91,15,14-03-2024,IMPRESSIONS,VIEWED,20.26
1364,224,10,19-12-2024,CLICK,CLICKED,75.45
1365,54,3,27-10-2024,IMPRESSIONS,VIEWED,24.86
1366,279,4,10-10-2024,IMPRESSIONS,VIEWED,39.07
1367,109,8,10-04-2024,CLICK,CLICKED,79.23
1368,64,12,20-04-2024,IMPRESSIONS,VIEWED,42.58
1369,115,17,18-10-2023,IMPRESSIONS,VIEWED,38.54
1370,213,8,05-01-2023,CHECKOUT,ABANDONED,
1371,17,1,27-01-2023,IMPRESSIONS,VIEWED,18.4
1372,293,14,05-09-2023,CLICK,CLICKED,61.22
1373,202,2,14-08-2024,IMPRESSIONS,VIEWED,21.12
1374,163,17,12-06-2023,IMPRESSIONS,VIEWED,25.17
1375,296,13,04-10-2024,DROP-OFF,ABANDONED,
1376,82,11,28-07-2023,IMPRESSIONS,VIEWED,5.46
1377,79,1,24-09-2024,CLICK,CLICKED,16.9
1378,67,15,11-10-2024,CLICK,CLICKED,32.98
1379,114,10,18-07-2023,CLICK,CLICKED,72.78
1380,27,9,26-03-2023,DROP-OFF,ABANDONED,
1381,12,19,16-04-2023,IMPRESSIONS,VIEWED,10.67
1382,135,6,06-04-2023,IMPRESSIONS,VIEWED,20.63
1383,252,1,28-02-2024,IMPRESSIONS,VIEWED,32.49
1384,193,11,10-10-2024,CHECKOUT,ABANDONED,
1385,93,10,11-01-2023,DROP-OFF,ABANDONED,
1386,291,20,02-02-2023,IMPRESSIONS,VIEWED,24.36
1387,280,1,12-06-2023,CLICK,CLICKED,29.46
1388,16,18,24-01-2023,CLICK,CLICKED,80.02
1389,59,7,31-01-2023,IMPRESSIONS,VIEWED,34.11
1390,65,9,08-10-2023,CLICK,CLICKED,68.11
1391,151,15,22-05-2024,IMPRESSIONS,VIEWED,15.0
1392,102,9,07-02-2024,IMPRESSIONS,VIEWED,36.76
1393,250,14,01-04-2024,IMPRESSIONS,VIEWED,29.92
1394,197,14,24-07-2023,CLICK,CLICKED,48.71
1395,18,17,17-09-2023,CLICK,CLICKED,44.87
1396,59,6,27-11-2023,IMPRESSIONS,VIEWED,14.81
1397,111,12,16-01-2024,IMPRESSIONS,VIEWED,5.39
1398,6,11,07-08-2023,CLICK,CLICKED,57.12
1399,198,10,08-09-2024,IMPRESSIONS,VIEWED,27.44
1400,39,19,23-10-2024,IMPRESSIONS,VIEWED,37.54
1401,102,7,20-02-2023,CART,ADDED TO CART,35.62
1402,141,14,03-05-2023,IMPRESSIONS,VIEWED,28.65
1403,122,19,22-01-2023,IMPRESSIONS,VIEWED,16.37
1404,207,2,30-06-2024,CHECKOUT,ABANDONED,
1405,173,1,13-03-2023,CLICK,CLICKED,35.6
1406,178,13,23-03-2023,CLICK,CLICKED,60.92
1407,202,10,14-12-2024,CHECKOUT,PURCHASED,261.41
1408,63,12,24-09-2024,IMPRESSIONS,VIEWED,38.02
1409,72,4,27-11-2023,DROP-OFF,ABANDONED,
1410,224,8,24-06-2023,IMPRESSIONS,VIEWED,42.36
1411,27,9,14-02-2023,IMPRESSIONS,VIEWED,15.55
1412,195,9,16-12-2024,IMPRESSIONS,VIEWED,9.8
1413,164,5,21-08-2024,CHECKOUT,ABANDONED,
1414,229,4,18-06-2024,CLICK,CLICKED,88.23
1415,165,16,20-08-2023,IMPRESSIONS,VIEWED,19.12
1416,125,7,12-12-2024,IMPRESSIONS,VIEWED,13.5
1417,111,15,30-01-2024,IMPRESSIONS,VIEWED,13.35
1418,271,17,17-11-2023,CART,ADDED TO CART,115.02
1419,79,17,19-04-2023,CHECKOUT,ABANDONED,
1420,187,13,08-04-2024,DROP-OFF,ABANDONED,
1421,104,13,12-07-2023,IMPRESSIONS,VIEWED,32.45
1422,296,4,31-05-2023,CLICK,CLICKED,33.04
1423,236,6,01-10-2023,IMPRESSIONS,VIEWED,15.62
1424,282,3,29-12-2023,IMPRESSIONS,VIEWED,25.09
1425,261,11,24-02-2023,IMPRESSIONS,VIEWED,6.97
1426,196,14,18-07-2023,IMPRESSIONS,VIEWED,28.76
1427,272,20,20-05-2024,CLICK,CLICKED,63.48
1428,57,8,28-04-2023,IMPRESSIONS,VIEWED,14.55
1429,273,4,10-10-2023,IMPRESSIONS,VIEWED,20.72
1430,113,9,22-05-2024,IMPRESSIONS,VIEWED,30.48
1431,148,1,07-04-2023,IMPRESSIONS,VIEWED,39.1
1432,123,6,19-11-2023,CLICK,CLICKED,39.91
1433,234,5,14-01-2023,CLICK,CLICKED,16.56
1434,136,3,24-06-2023,CLICK,CLICKED,87.72
1435,299,1,15-05-2024,CHECKOUT,ABANDONED,
1436,57,2,18-01-2023,CLICK,CLICKED,54.4
1437,86,5,07-04-2023,IMPRESSIONS,VIEWED,24.63
1438,180,18,21-09-2023,CLICK,CLICKED,49.41
1439,181,10,28-12-2024,IMPRESSIONS,VIEWED,15.8
1440,266,1,01-06-2023,CHECKOUT,PURCHASED,213.14
1441,73,12,24-05-2024,IMPRESSIONS,VIEWED,13.25
1442,46,7,22-01-2024,CLICK,CLICKED,89.05
1443,270,6,29-09-2023,CHECKOUT,ABANDONED,
1444,170,13,26-08-2024,IMPRESSIONS,VIEWED,12.62
1445,297,17,19-12-2024,IMPRESSIONS,VIEWED,36.81
1446,291,12,23-10-2023,IMPRESSIONS,VIEWED,42.09
1447,76,15,28-11-2024,IMPRESSIONS,VIEWED,17.15
1448,148,3,29-10-2023,IMPRESSIONS,VIEWED,16.32
1449,64,2,15-05-2024,IMPRESSIONS,VIEWED,31.41
1450,1,2,15-09-2023,IMPRESSIONS,VIEWED,43.15
1451,139,5,21-07-2023,IMPRESSIONS,VIEWED,13.75
1452,243,12,12-09-2023,CART,ADDED TO CART,80.71
1453,51,9,06-11-2023,CLICK,CLICKED,65.92
1454,166,19,23-05-2023,CLICK,CLICKED,25.18
1455,284,7,05-11-2023,IMPRESSIONS,VIEWED,26.83
1456,193,14,09-04-2023,IMPRESSIONS,VIEWED,25.15
1457,184,15,29-12-2023,IMPRESSIONS,VIEWED,23.45
1458,287,1,07-03-2024,IMPRESSIONS,VIEWED,36.47
1459,298,17,18-01-2024,IMPRESSIONS,VIEWED,35.21
1460,202,5,17-02-2024,CLICK,CLICKED,77.94
1461,44,2,04-10-2023,CART,ADDED TO CART,70.02
1462,50,10,02-08-2024,CLICK,CLICKED,24.11
1463,300,17,24-02-2023,CLICK,CLICKED,25.23
1464,80,10,05-10-2024,IMPRESSIONS,VIEWED,29.95
1465,103,4,10-03-2023,IMPRESSIONS,VIEWED,14.89
1466,54,16,26-01-2023,CART,ADDED TO CART,76.89
1467,63,10,19-02-2024,CLICK,CLICKED,78.13
1468,280,9,19-09-2024,CLICK,CLICKED,25.97
1469,12,6,26-05-2023,CART,ADDED TO CART,50.49
1470,280,7,02-05-2024,CLICK,CLICKED,86.93
1471,253,12,14-11-2024,IMPRESSIONS,VIEWED,23.56
1472,218,5,29-01-2023,IMPRESSIONS,VIEWED,5.44
1473,156,2,22-10-2024,CLICK,CLICKED,83.11
1474,182,5,24-04-2024,CHECKOUT,ABANDONED,
1475,142,1,12-06-2023,IMPRESSIONS,VIEWED,41.1
1476,269,13,09-06-2024,IMPRESSIONS,VIEWED,31.24
1477,289,11,15-04-2024,CLICK,CLICKED,73.87
1478,156,13,11-03-2023,DROP-OFF,ABANDONED,
1479,248,13,28-04-2024,CLICK,CLICKED,24.71
1480,166,19,17-08-2024,IMPRESSIONS,VIEWED,6.8
1481,82,8,09-04-2023,CLICK,CLICKED,39.27
1482,119,8,18-04-2023,CHECKOUT,ABANDONED,
1483,197,14,07-03-2023,IMPRESSIONS,VIEWED,6.5
1484,38,15,19-01-2024,CLICK,CLICKED,39.09
1485,231,13,17-05-2023,CHECKOUT,PURCHASED,94.91
1486,252,15,26-11-2024,IMPRESSIONS,VIEWED,22.36
1487,271,7,30-03-2023,CLICK,CLICKED,17.49
1488,72,1,04-01-2024,CART,ADDED TO CART,70.89
1489,271,16,14-07-2023,CART,ADDED TO CART,90.1
1490,183,20,26-07-2024,CHECKOUT,ABANDONED,
1491,225,14,02-10-2024,IMPRESSIONS,VIEWED,10.09
1492,265,10,14-04-2023,IMPRESSIONS,VIEWED,29.06
1493,170,1,18-08-2023,CART,ADDED TO CART,140.67
1494,129,13,21-12-2024,IMPRESSIONS,VIEWED,7.99
1495,295,8,14-06-2024,DROP-OFF,ABANDONED,
1496,160,13,25-09-2024,IMPRESSIONS,VIEWED,42.48
1497,135,1,03-02-2023,IMPRESSIONS,VIEWED,18.38
1498,31,5,29-07-2023,CLICK,CLICKED,32.67
1499,38,19,16-09-2024,CLICK,CLICKED,88.58
1500,214,20,19-09-2024,DROP-OFF,ABANDONED,
1501,246,5,05-10-2023,CART,ADDED TO CART,34.27
1502,260,8,27-10-2024,IMPRESSIONS,VIEWED,36.26
1503,117,1,26-02-2023,IMPRESSIONS,VIEWED,32.28
1504,10,18,08-05-2024,IMPRESSIONS,VIEWED,22.19
1505,219,18,22-05-2023,IMPRESSIONS,VIEWED,19.07
1506,176,14,01-03-2023,IMPRESSIONS,VIEWED,14.09
1507,275,19,16-02-2023,CHECKOUT,PURCHASED,267.68
1508,128,2,20-03-2023,IMPRESSIONS,VIEWED,16.3
1509,161,12,08-09-2024,CLICK,CLICKED,24.73
1510,204,16,04-11-2024,IMPRESSIONS,VIEWED,15.01
1511,279,7,21-05-2024,CLICK,CLICKED,48.27
1512,155,12,18-07-2024,IMPRESSIONS,VIEWED,17.75
1513,278,17,17-04-2023,IMPRESSIONS,VIEWED,16.19
1514,105,5,17-06-2024,IMPRESSIONS,VIEWED,19.9
1515,73,2,29-08-2023,CLICK,CLICKED,16.6
1516,18,9,12-10-2023,CLICK,CLICKED,19.48
1517,197,16,20-01-2023,CHECKOUT,ABANDONED,
1518,228,2,18-08-2023,IMPRESSIONS,VIEWED,26.3
1519,157,2,08-07-2024,CART,ADDED TO CART,139.21
1520,173,9,28-08-2024,IMPRESSIONS,VIEWED,34.03
1521,223,14,28-02-2023,CART,ADDED TO CART,144.3
1522,148,18,19-04-2024,IMPRESSIONS,VIEWED,43.41
1523,240,8,16-05-2023,CHECKOUT,ABANDONED,
1524,141,3,13-09-2023,CART,ADDED TO CART,70.5
1525,203,2,22-09-2024,IMPRESSIONS,VIEWED,36.3
1526,7,4,11-11-2023,CLICK,CLICKED,78.57
1527,228,15,18-01-2023,IMPRESSIONS,VIEWED,43.64
1528,246,18,12-08-2023,IMPRESSIONS,VIEWED,40.88
1529,283,11,07-03-2023,IMPRESSIONS,VIEWED,15.38
1530,254,5,21-08-2023,CLICK,CLICKED,32.45
1531,20,6,01-12-2024,CLICK,CLICKED,18.15
1532,117,2,23-09-2023,CHECKOUT,PURCHASED,217.99
1533,181,18,15-02-2023,CLICK,CLICKED,20.81
1534,228,4,07-06-2024,IMPRESSIONS,VIEWED,27.81
1535,213,3,19-10-2024,IMPRESSIONS,VIEWED,5.99
1536,185,11,22-02-2024,CHECKOUT,ABANDONED,
1537,241,10,28-09-2024,IMPRESSIONS,VIEWED,16.63
1538,77,19,27-01-2023,IMPRESSIONS,VIEWED,25.43
1539,261,19,30-12-2024,IMPRESSIONS,VIEWED,38.23
1540,17,5,26-01-2024,CART,ADDED TO CART,144.62
1541,115,19,30-05-2024,CHECKOUT,PURCHASED,182.44
1542,63,17,22-02-2023,CLICK,CLICKED,35.19
1543,295,10,07-09-2023,IMPRESSIONS,VIEWED,23.23
1544,60,8,31-03-2024,CART,ADDED TO CART,73.43
1545,181,18,01-06-2024,IMPRESSIONS,VIEWED,29.21
1546,230,14,24-08-2023,CLICK,CLICKED,73.23
1547,209,19,12-11-2024,IMPRESSIONS,VIEWED,18.66
1548,61,3,23-02-2024,IMPRESSIONS,VIEWED,30.31
1549,102,6,09-04-2024,IMPRESSIONS,VIEWED,15.54
1550,284,16,14-04-2023,IMPRESSIONS,VIEWED,5.96
1551,86,3,16-05-2023,CLICK,CLICKED,41.58
1552,206,18,05-09-2023,CLICK,CLICKED,82.31
1553,173,19,15-09-2024,CLICK,CLICKED,70.41
1554,182,15,23-02-2024,CLICK,CLICKED,71.82
1555,69,6,26-08-2024,DROP-OFF,ABANDONED,
1556,43,5,08-01-2023,CLICK,CLICKED,43.45
1557,225,6,04-06-2024,CART,ADDED TO CART,143.37
1558,50,8,01-11-2023,CLICK,CLICKED,36.39
1559,197,11,02-07-2023,CHECKOUT,PURCHASED,252.57
1560,108,14,15-06-2024,IMPRESSIONS,VIEWED,18.89
1561,85,4,22-10-2023,IMPRESSIONS,VIEWED,40.41
1562,148,9,12-09-2024,CART,ADDED TO CART,109.97
1563,73,4,31-07-2023,CLICK,CLICKED,59.88
1564,21,18,04-07-2024,CART,ADDED TO CART,88.6
1565,14,12,28-07-2023,IMPRESSIONS,VIEWED,25.84
1566,233,10,23-04-2023,CLICK,CLICKED,81.67
1567,253,9,30-03-2023,CHECKOUT,ABANDONED,
1568,60,12,22-03-2023,CART,ADDED TO CART,117.28
1569,168,6,03-06-2024,IMPRESSIONS,VIEWED,33.27
1570,162,2,19-03-2024,IMPRESSIONS,VIEWED,38.66
1571,19,1,09-09-2023,IMPRESSIONS,VIEWED,31.93
1572,136,16,05-06-2023,CLICK,CLICKED,36.19
1573,102,3,12-06-2024,DROP-OFF,ABANDONED,
1574,110,1,20-03-2024,IMPRESSIONS,VIEWED,6.55
1575,135,20,25-01-2024,CLICK,CLICKED,51.32
1576,93,10,26-08-2023,DROP-OFF,ABANDONED,
1577,249,16,07-10-2024,IMPRESSIONS,VIEWED,16.82
1578,113,4,22-10-2023,IMPRESSIONS,VIEWED,14.9
1579,218,4,30-06-2023,CLICK,CLICKED,41.07
1580,204,5,10-05-2024,CART,ADDED TO CART,102.13
1581,121,1,25-10-2023,IMPRESSIONS,VIEWED,7.43
1582,166,9,22-11-2024,IMPRESSIONS,VIEWED,22.01
1583,134,2,02-10-2023,CLICK,CLICKED,62.72
1584,24,10,03-04-2024,IMPRESSIONS,VIEWED,36.18
1585,57,20,17-09-2024,IMPRESSIONS,VIEWED,37.1
1586,47,11,28-12-2023,CART,ADDED TO CART,108.59
1587,266,7,06-01-2024,CLICK,CLICKED,79.48
1588,118,10,15-06-2023,CHECKOUT,ABANDONED,
1589,212,7,20-07-2024,CART,ADDED TO CART,34.33
1590,11,17,15-04-2023,CLICK,CLICKED,26.77
1591,155,1,24-08-2023,CLICK,CLICKED,35.43
1592,64,13,02-11-2024,IMPRESSIONS,VIEWED,8.06
1593,259,14,21-01-2023,IMPRESSIONS,VIEWED,34.43
1594,201,7,12-09-2024,CHECKOUT,ABANDONED,
1595,218,17,24-01-2023,IMPRESSIONS,VIEWED,8.99
1596,296,16,21-01-2024,IMPRESSIONS,VIEWED,43.68
1597,288,9,09-05-2024,IMPRESSIONS,VIEWED,5.69
1598,255,13,17-01-2024,CART,ADDED TO CART,84.27
1599,296,1,11-02-2024,CART,ADDED TO CART,74.38
1600,289,4,20-10-2024,IMPRESSIONS,VIEWED,8.82
1601,87,7,16-05-2024,CLICK,CLICKED,45.24
1602,243,17,03-08-2024,CART,ADDED TO CART,122.09
1603,130,14,15-11-2023,CART,ADDED TO CART,34.38
1604,290,20,21-02-2024,CHECKOUT,ABANDONED,
1605,108,18,15-05-2024,CLICK,CLICKED,39.14
1606,248,17,22-07-2024,DROP-OFF,ABANDONED,
1607,42,4,11-03-2024,CLICK,CLICKED,71.77
1608,83,17,05-05-2023,IMPRESSIONS,VIEWED,6.56
1609,218,16,24-06-2023,CLICK,CLICKED,71.17
1610,281,14,13-02-2024,IMPRESSIONS,VIEWED,44.83
1611,139,17,27-11-2023,CLICK,CLICKED,25.61
1612,268,7,20-09-2024,CHECKOUT,PURCHASED,177.44
1613,129,16,18-04-2024,IMPRESSIONS,VIEWED,11.57
1614,243,1,22-11-2023,IMPRESSIONS,VIEWED,7.68
1615,3,10,19-12-2024,IMPRESSIONS,VIEWED,18.24
1616,32,20,24-04-2024,CLICK,CLICKED,62.73
1617,116,12,05-10-2024,IMPRESSIONS,VIEWED,16.37
1618,219,19,10-11-2023,IMPRESSIONS,VIEWED,27.44
1619,104,3,29-08-2024,IMPRESSIONS,VIEWED,12.13
1620,289,4,10-05-2023,CART,ADDED TO CART,69.62
1621,142,20,15-11-2024,CHECKOUT,ABANDONED,
1622,87,1,26-08-2023,CHECKOUT,PURCHASED,282.03
1623,76,5,18-06-2023,CLICK,CLICKED,20.83
1624,27,5,07-06-2024,CART,ADDED TO CART,109.78
1625,168,10,27-05-2024,CART,ADDED TO CART,97.22
1626,194,13,24-12-2024,CLICK,CLICKED,54.8
1627,110,6,10-10-2024,CART,ADDED TO CART,130.79
1628,287,15,16-05-2024,CLICK,CLICKED,56.84
1629,223,12,02-07-2023,IMPRESSIONS,VIEWED,35.83
1630,178,14,07-08-2023,CLICK,CLICKED,43.07
1631,6,7,28-03-2024,IMPRESSIONS,VIEWED,28.45
1632,169,4,13-01-2024,DROP-OFF,ABANDONED,
1633,7,20,07-10-2023,IMPRESSIONS,VIEWED,20.93
1634,130,9,02-10-2024,IMPRESSIONS,VIEWED,44.89
1635,233,16,27-06-2023,CLICK,CLICKED,42.72
1636,79,6,15-05-2023,IMPRESSIONS,VIEWED,22.74
1637,32,11,10-04-2023,CHECKOUT,ABANDONED,
1638,100,20,18-01-2023,IMPRESSIONS,VIEWED,41.23
1639,188,17,15-01-2023,CHECKOUT,ABANDONED,
1640,214,2,08-03-2023,IMPRESSIONS,VIEWED,8.36
1641,228,2,10-10-2023,CLICK,CLICKED,62.65
1642,2,10,08-10-2023,CLICK,CLICKED,49.97
1643,45,19,19-04-2024,IMPRESSIONS,VIEWED,34.18
1644,96,11,28-08-2024,CLICK,CLICKED,74.16
1645,112,12,16-04-2024,IMPRESSIONS,VIEWED,38.49
1646,98,5,14-11-2023,IMPRESSIONS,VIEWED,16.16
1647,290,11,28-02-2024,IMPRESSIONS,VIEWED,40.34
1648,91,10,23-09-2023,CLICK,CLICKED,51.74
1649,297,12,24-12-2023,CART,ADDED TO CART,129.54
1650,88,2,22-08-2024,IMPRESSIONS,VIEWED,18.88
1651,148,7,17-12-2023,CLICK,CLICKED,53.5
1652,108,9,12-08-2023,CLICK,CLICKED,53.78
1653,96,16,24-05-2023,CLICK,CLICKED,57.28
1654,18,11,19-12-2024,IMPRESSIONS,VIEWED,11.35
1655,244,11,11-12-2023,CLICK,CLICKED,83.49
1656,157,6,23-04-2024,CLICK,CLICKED,75.69
1657,234,19,12-08-2024,CLICK,CLICKED,77.56
1658,130,12,07-09-2024,IMPRESSIONS,VIEWED,6.61
1659,120,17,21-04-2023,IMPRESSIONS,VIEWED,28.72
1660,84,17,20-06-2023,DROP-OFF,ABANDONED,
1661,269,7,04-08-2024,CART,ADDED TO CART,109.61
1662,28,3,13-11-2023,CART,ADDED TO CART,126.18
1663,235,13,19-06-2023,CLICK,CLICKED,81.22
1664,155,10,24-03-2023,IMPRESSIONS,VIEWED,8.61
1665,126,5,02-12-2024,CLICK,CLICKED,50.8
1666,177,4,27-04-2024,CLICK,CLICKED,83.46
1667,193,15,24-12-2024,IMPRESSIONS,VIEWED,10.14
1668,69,13,01-12-2023,DROP-OFF,ABANDONED,
1669,218,20,08-02-2024,CLICK,CLICKED,65.24
1670,14,8,15-09-2024,IMPRESSIONS,VIEWED,19.49
1671,257,1,17-09-2024,CLICK,CLICKED,63.42
1672,71,16,12-07-2023,IMPRESSIONS,VIEWED,8.71
1673,197,6,11-03-2024,IMPRESSIONS,VIEWED,32.01
1674,247,2,25-09-2023,CHECKOUT,PURCHASED,90.78
1675,204,17,19-04-2023,CLICK,CLICKED,66.45
1676,52,13,13-01-2023,IMPRESSIONS,VIEWED,32.45
1677,6,16,31-10-2024,CHECKOUT,PURCHASED,152.73
1678,28,10,11-03-2024,IMPRESSIONS,VIEWED,25.08
1679,243,11,01-07-2024,CHECKOUT,PURCHASED,245.3
1680,218,18,28-01-2024,CHECKOUT,ABANDONED,
1681,77,1,12-12-2023,DROP-OFF,ABANDONED,
1682,133,7,11-06-2024,CART,ADDED TO CART,82.19
1683,238,10,10-02-2023,IMPRESSIONS,VIEWED,19.68
1684,190,9,11-03-2024,IMPRESSIONS,VIEWED,26.71
1685,92,10,01-01-2024,IMPRESSIONS,VIEWED,16.91
1686,19,20,25-04-2023,IMPRESSIONS,VIEWED,14.95
1687,44,18,07-04-2023,IMPRESSIONS,VIEWED,22.24
1688,141,12,14-04-2024,CLICK,CLICKED,18.05
1689,168,12,09-02-2023,IMPRESSIONS,VIEWED,25.51
1690,41,11,14-10-2024,CART,ADDED TO CART,78.09
1691,95,9,30-10-2024,CART,ADDED TO CART,130.42
1692,222,4,16-07-2023,CLICK,CLICKED,67.07
1693,26,12,10-08-2024,CLICK,CLICKED,71.02
1694,96,9,28-05-2024,CLICK,CLICKED,65.87
1695,140,1,21-02-2024,IMPRESSIONS,VIEWED,15.99
1696,237,20,12-10-2024,IMPRESSIONS,VIEWED,5.72
1697,167,8,07-03-2023,CLICK,CLICKED,62.61
1698,169,18,03-02-2024,CLICK,CLICKED,40.54
1699,178,15,05-06-2023,CLICK,CLICKED,54.92
1700,88,13,19-09-2023,IMPRESSIONS,VIEWED,27.45
1701,177,3,01-08-2023,CART,ADDED TO CART,66.48
1702,162,15,21-11-2024,CLICK,CLICKED,61.82
1703,290,14,01-03-2024,CHECKOUT,PURCHASED,236.6
1704,146,18,17-05-2024,CHECKOUT,PURCHASED,279.9
1705,68,13,13-09-2024,CHECKOUT,ABANDONED,
1706,50,13,12-08-2023,IMPRESSIONS,VIEWED,12.14
1707,82,13,17-07-2024,IMPRESSIONS,VIEWED,41.02
1708,143,11,07-01-2024,CLICK,CLICKED,31.88
1709,207,16,20-04-2024,IMPRESSIONS,VIEWED,41.96
1710,91,13,23-10-2023,IMPRESSIONS,VIEWED,31.25
1711,51,13,17-08-2024,CLICK,CLICKED,29.17
1712,15,20,18-08-2023,IMPRESSIONS,VIEWED,42.82
1713,167,20,13-09-2023,IMPRESSIONS,VIEWED,43.07
1714,12,20,31-10-2024,IMPRESSIONS,VIEWED,23.31
1715,123,6,28-04-2024,CHECKOUT,ABANDONED,
1716,166,5,28-10-2023,IMPRESSIONS,VIEWED,28.1
1717,236,8,01-12-2024,CLICK,CLICKED,87.96
1718,257,4,10-09-2024,CART,ADDED TO CART,59.38
1719,36,1,03-02-2023,CLICK,CLICKED,79.66
1720,37,14,24-09-2023,DROP-OFF,ABANDONED,
1721,62,20,24-10-2024,CHECKOUT,PURCHASED,156.82
1722,31,10,12-02-2024,CART,ADDED TO CART,73.6
1723,262,15,14-03-2024,CART,ADDED TO CART,47.52
1724,135,19,25-04-2023,CART,ADDED TO CART,79.55
1725,174,5,06-09-2023,CART,ADDED TO CART,61.74
1726,169,3,14-04-2024,CHECKOUT,ABANDONED,
1727,126,9,17-12-2023,IMPRESSIONS,VIEWED,36.49
1728,133,19,09-10-2023,CLICK,CLICKED,54.13
1729,14,8,15-01-2024,CLICK,CLICKED,85.86
1730,82,19,11-10-2024,IMPRESSIONS,VIEWED,11.18
1731,66,5,14-09-2024,IMPRESSIONS,VIEWED,30.47
1732,15,7,20-08-2024,IMPRESSIONS,VIEWED,19.57
1733,261,17,20-02-2024,CLICK,CLICKED,63.29
1734,257,11,19-06-2024,IMPRESSIONS,VIEWED,39.83
1735,247,6,10-05-2024,CHECKOUT,ABANDONED,
1736,34,11,19-08-2023,IMPRESSIONS,VIEWED,16.13
1737,62,7,01-01-2024,CLICK,CLICKED,70.6
1738,187,2,13-02-2024,CLICK,CLICKED,35.36
1739,274,18,23-03-2023,CHECKOUT,PURCHASED,158.89
1740,268,8,08-09-2023,IMPRESSIONS,VIEWED,14.13
1741,234,6,11-02-2023,CHECKOUT,PURCHASED,185.75
1742,47,7,07-03-2023,CHECKOUT,ABANDONED,
1743,268,10,04-03-2023,IMPRESSIONS,VIEWED,23.57
1744,275,2,23-11-2023,CART,ADDED TO CART,53.57
1745,60,15,27-03-2023,CLICK,CLICKED,59.87
1746,154,19,10-01-2023,CLICK,CLICKED,73.3
1747,100,19,12-10-2024,CLICK,CLICKED,33.88
1748,209,20,05-10-2023,CLICK,CLICKED,53.05
1749,264,10,22-10-2024,IMPRESSIONS,VIEWED,16.01
1750,288,17,13-11-2023,CLICK,CLICKED,51.57
1751,164,17,26-04-2024,CLICK,CLICKED,72.03
1752,156,4,29-03-2024,IMPRESSIONS,VIEWED,36.15
1753,119,7,11-11-2023,CLICK,CLICKED,22.72
1754,154,20,04-08-2023,CLICK,CLICKED,26.73
1755,203,6,11-06-2023,CLICK,CLICKED,86.75
1756,243,20,02-03-2024,CART,ADDED TO CART,57.45
1757,135,16,07-11-2023,IMPRESSIONS,VIEWED,34.07
1758,162,15,12-11-2023,IMPRESSIONS,VIEWED,5.23
1759,207,2,23-02-2024,IMPRESSIONS,VIEWED,35.68
1760,10,7,02-08-2023,CLICK,CLICKED,77.44
1761,13,11,13-03-2024,CART,ADDED TO CART,96.97
1762,103,7,24-09-2024,CLICK,CLICKED,20.58
1763,83,11,06-05-2024,DROP-OFF,ABANDONED,
1764,241,2,06-11-2024,IMPRESSIONS,VIEWED,16.21
1765,193,2,14-04-2023,IMPRESSIONS,VIEWED,26.52
1766,225,10,24-04-2023,CLICK,CLICKED,88.29
1767,212,5,04-06-2023,CLICK,CLICKED,47.87
1768,168,19,13-07-2024,CART,ADDED TO CART,96.8
1769,150,1,24-05-2023,CART,ADDED TO CART,134.49
1770,161,12,01-04-2024,CART,ADDED TO CART,52.1
1771,240,8,16-04-2024,IMPRESSIONS,VIEWED,15.21
1772,12,5,03-05-2023,CLICK,CLICKED,75.45
1773,25,17,03-03-2023,DROP-OFF,ABANDONED,
1774,192,1,02-08-2024,IMPRESSIONS,VIEWED,36.61
1775,252,10,11-08-2024,IMPRESSIONS,VIEWED,27.61
1776,286,4,28-06-2024,IMPRESSIONS,VIEWED,29.4
1777,98,3,01-12-2024,IMPRESSIONS,VIEWED,23.05
1778,78,11,16-03-2023,IMPRESSIONS,VIEWED,26.11
1779,222,1,16-02-2024,CLICK,CLICKED,16.42
1780,116,11,13-03-2024,IMPRESSIONS,VIEWED,26.29
1781,103,19,30-12-2023,DROP-OFF,ABANDONED,
1782,296,5,13-07-2023,CART,ADDED TO CART,67.02
1783,52,1,30-06-2024,CLICK,CLICKED,55.51
1784,36,11,19-11-2023,DROP-OFF,ABANDONED,
1785,107,7,07-11-2023,IMPRESSIONS,VIEWED,42.45
1786,112,12,28-01-2023,IMPRESSIONS,VIEWED,38.37
1787,193,1,30-03-2024,DROP-OFF,ABANDONED,
1788,107,13,20-02-2023,IMPRESSIONS,VIEWED,13.23
1789,195,19,08-05-2023,IMPRESSIONS,VIEWED,11.52
1790,108,4,15-05-2024,CART,ADDED TO CART,119.96
1791,163,14,15-07-2023,IMPRESSIONS,VIEWED,24.12
1792,261,4,12-04-2024,IMPRESSIONS,VIEWED,21.01
1793,52,12,05-01-2024,CHECKOUT,ABANDONED,
1794,223,10,23-08-2023,CHECKOUT,PURCHASED,210.86
1795,200,16,17-01-2023,CHECKOUT,PURCHASED,231.06
1796,166,2,25-05-2023,CART,ADDED TO CART,97.75
1797,66,17,09-06-2023,IMPRESSIONS,VIEWED,7.45
1798,108,10,16-01-2024,CLICK,CLICKED,27.93
1799,266,5,15-11-2024,IMPRESSIONS,VIEWED,6.2
1800,105,10,18-02-2024,CLICK,CLICKED,17.14
1801,14,11,30-01-2023,CHECKOUT,ABANDONED,
1802,74,14,17-02-2023,CLICK,CLICKED,22.51
1803,179,8,05-04-2023,IMPRESSIONS,VIEWED,43.75
1804,238,14,03-07-2024,IMPRESSIONS,VIEWED,24.05
1805,132,5,27-11-2023,CLICK,CLICKED,50.83
1806,293,7,09-05-2023,IMPRESSIONS,VIEWED,14.02
1807,43,4,18-02-2024,IMPRESSIONS,VIEWED,14.05
1808,95,10,03-12-2023,CLICK,CLICKED,71.99
1809,68,11,08-03-2024,IMPRESSIONS,VIEWED,34.92
1810,198,2,22-07-2023,CHECKOUT,PURCHASED,81.45
1811,18,8,15-06-2023,IMPRESSIONS,VIEWED,24.35
1812,177,7,05-10-2024,DROP-OFF,ABANDONED,
1813,208,15,08-08-2023,CLICK,CLICKED,23.84
1814,144,17,12-12-2023,IMPRESSIONS,VIEWED,18.64
1815,250,18,12-04-2024,CLICK,CLICKED,19.73
1816,188,14,19-10-2024,IMPRESSIONS,VIEWED,14.09
1817,235,4,04-05-2023,CLICK,CLICKED,80.5
1818,158,15,22-03-2024,CLICK,CLICKED,44.82
1819,262,7,26-05-2023,CART,ADDED TO CART,123.11
1820,102,12,22-06-2024,CLICK,CLICKED,75.02
1821,186,18,24-08-2023,CLICK,CLICKED,26.91
1822,85,20,20-08-2023,CART,ADDED TO CART,94.9
1823,218,7,13-10-2023,IMPRESSIONS,VIEWED,20.59
1824,268,14,02-05-2024,CLICK,CLICKED,15.03
1825,129,18,15-11-2024,IMPRESSIONS,VIEWED,35.21
1826,72,5,07-05-2024,CART,ADDED TO CART,76.95
1827,82,14,05-02-2024,CLICK,CLICKED,20.29
1828,142,5,16-02-2024,IMPRESSIONS,VIEWED,22.74
1829,142,11,12-01-2023,CLICK,CLICKED,72.87
1830,242,8,07-11-2024,IMPRESSIONS,VIEWED,11.15
1831,175,9,11-02-2023,IMPRESSIONS,VIEWED,30.08
1832,219,19,22-06-2023,DROP-OFF,ABANDONED,
1833,250,10,19-08-2023,CLICK,CLICKED,33.1
1834,254,14,07-03-2024,IMPRESSIONS,VIEWED,38.69
1835,142,9,17-10-2024,CLICK,CLICKED,88.73
1836,43,1,14-04-2023,CLICK,CLICKED,58.93
1837,114,19,20-03-2024,CLICK,CLICKED,57.05
1838,290,13,13-09-2024,CLICK,CLICKED,60.12
1839,51,19,08-04-2023,IMPRESSIONS,VIEWED,28.2
1840,216,13,10-02-2023,IMPRESSIONS,VIEWED,27.93
1841,268,2,13-02-2024,CART,ADDED TO CART,110.29
1842,14,7,03-08-2024,IMPRESSIONS,VIEWED,16.69
1843,212,1,12-04-2024,CART,ADDED TO CART,73.03
1844,177,12,12-09-2023,IMPRESSIONS,VIEWED,23.33
1845,135,6,03-08-2023,CLICK,CLICKED,71.5
1846,89,16,02-04-2023,IMPRESSIONS,VIEWED,38.15
1847,52,3,16-10-2024,IMPRESSIONS,VIEWED,35.26
1848,104,9,25-12-2024,CLICK,CLICKED,82.18
1849,82,6,27-11-2023,IMPRESSIONS,VIEWED,41.35
1850,287,10,27-07-2024,CLICK,CLICKED,29.9
1851,47,20,10-11-2024,IMPRESSIONS,VIEWED,33.64
1852,273,12,11-02-2024,IMPRESSIONS,VIEWED,38.8
1853,151,20,06-08-2024,CHECKOUT,PURCHASED,299.86
1854,227,2,09-09-2023,CLICK,CLICKED,52.09
1855,113,8,20-08-2023,IMPRESSIONS,VIEWED,5.5
1856,125,1,18-09-2024,CLICK,CLICKED,56.72
1857,291,7,27-02-2024,IMPRESSIONS,VIEWED,34.87
1858,187,9,17-03-2024,IMPRESSIONS,VIEWED,26.61
1859,40,5,26-11-2023,DROP-OFF,ABANDONED,
1860,127,18,15-08-2024,IMPRESSIONS,VIEWED,9.19
1861,117,12,19-12-2024,CLICK,CLICKED,35.19
1862,28,15,25-09-2024,IMPRESSIONS,VIEWED,43.13
1863,88,1,27-07-2024,IMPRESSIONS,VIEWED,24.07
1864,76,3,29-11-2024,IMPRESSIONS,VIEWED,42.89
1865,15,20,17-05-2024,IMPRESSIONS,VIEWED,13.61
1866,232,10,05-07-2024,CLICK,CLICKED,32.44
1867,261,14,28-05-2023,CART,ADDED TO CART,133.53
1868,28,12,24-08-2024,IMPRESSIONS,VIEWED,26.19
1869,83,7,12-09-2023,CHECKOUT,PURCHASED,258.11
1870,16,16,03-05-2023,IMPRESSIONS,VIEWED,27.96
1871,199,14,26-01-2024,CLICK,CLICKED,28.72
1872,160,12,01-07-2023,CLICK,CLICKED,21.81
1873,134,13,25-07-2023,IMPRESSIONS,VIEWED,23.07
1874,49,17,21-09-2023,IMPRESSIONS,VIEWED,32.31
1875,49,6,02-01-2023,CHECKOUT,PURCHASED,46.19
1876,197,10,29-01-2023,CART,ADDED TO CART,133.12
1877,89,7,13-10-2024,CLICK,CLICKED,88.18
1878,50,5,06-09-2024,IMPRESSIONS,VIEWED,33.25
1879,91,17,02-06-2023,CART,ADDED TO CART,33.64
1880,20,18,04-05-2023,CART,ADDED TO CART,142.2
1881,56,12,30-11-2024,IMPRESSIONS,VIEWED,24.91
1882,80,20,12-12-2023,DROP-OFF,ABANDONED,
1883,281,13,03-04-2024,DROP-OFF,ABANDONED,
1884,284,3,13-12-2023,IMPRESSIONS,VIEWED,43.42
1885,252,7,18-02-2024,IMPRESSIONS,VIEWED,37.44
1886,51,17,04-04-2023,CLICK,CLICKED,71.77
1887,103,10,25-11-2023,IMPRESSIONS,VIEWED,42.77
1888,219,13,21-03-2024,IMPRESSIONS,VIEWED,24.65
1889,165,18,10-05-2024,CLICK,CLICKED,89.42
1890,148,2,24-06-2024,CART,ADDED TO CART,143.61
1891,158,19,07-08-2024,CLICK,CLICKED,55.07
1892,25,10,30-01-2024,IMPRESSIONS,VIEWED,34.54
1893,269,6,04-06-2024,IMPRESSIONS,VIEWED,8.95
1894,96,8,30-12-2024,IMPRESSIONS,VIEWED,13.27
1895,8,2,26-01-2024,IMPRESSIONS,VIEWED,5.19
1896,124,11,01-07-2023,CHECKOUT,PURCHASED,139.8
1897,206,2,09-06-2023,IMPRESSIONS,VIEWED,40.28
1898,217,19,28-12-2024,DROP-OFF,ABANDONED,
1899,159,7,31-10-2024,CART,ADDED TO CART,79.1
1900,6,14,28-02-2024,IMPRESSIONS,VIEWED,15.14
1901,6,13,12-02-2023,CLICK,CLICKED,64.72
1902,115,3,14-10-2024,IMPRESSIONS,VIEWED,7.66
1903,275,11,21-06-2023,CHECKOUT,ABANDONED,
1904,204,10,03-07-2024,IMPRESSIONS,VIEWED,35.44
1905,203,7,30-03-2023,CLICK,CLICKED,24.53
1906,19,16,05-05-2024,IMPRESSIONS,VIEWED,38.32
1907,95,3,11-12-2024,CART,ADDED TO CART,82.31
1908,190,15,27-05-2023,IMPRESSIONS,VIEWED,35.74
1909,163,2,05-08-2024,IMPRESSIONS,VIEWED,39.38
1910,129,6,25-12-2023,CLICK,CLICKED,43.5
1911,150,17,07-03-2023,IMPRESSIONS,VIEWED,31.32
1912,225,1,27-03-2024,IMPRESSIONS,VIEWED,27.27
1913,74,18,22-11-2023,IMPRESSIONS,VIEWED,25.72
1914,9,20,23-06-2023,CART,ADDED TO CART,74.44
1915,74,4,01-12-2024,IMPRESSIONS,VIEWED,27.51
1916,199,19,03-05-2023,DROP-OFF,ABANDONED,
1917,19,19,12-07-2024,IMPRESSIONS,VIEWED,16.3
1918,199,15,01-09-2023,CLICK,CLICKED,88.51
1919,233,16,06-06-2023,CLICK,CLICKED,25.83
1920,90,13,21-09-2023,CHECKOUT,ABANDONED,
1921,11,14,04-11-2023,IMPRESSIONS,VIEWED,33.43
1922,278,8,16-02-2024,IMPRESSIONS,VIEWED,42.68
1923,216,14,16-04-2024,CART,ADDED TO CART,144.28
1924,238,12,12-12-2023,IMPRESSIONS,VIEWED,33.93
1925,106,8,11-08-2023,CLICK,CLICKED,82.53
1926,281,14,19-01-2024,CLICK,CLICKED,25.6
1927,56,18,29-10-2024,CLICK,CLICKED,29.96
1928,173,18,10-06-2023,CLICK,CLICKED,85.74
1929,13,7,31-01-2024,CLICK,CLICKED,88.77
1930,289,5,18-10-2024,IMPRESSIONS,VIEWED,21.45
1931,240,8,14-05-2023,CART,ADDED TO CART,67.95
1932,272,2,23-11-2024,IMPRESSIONS,VIEWED,5.86
1933,28,11,03-04-2023,IMPRESSIONS,VIEWED,34.74
1934,110,10,09-03-2023,IMPRESSIONS,VIEWED,24.0
1935,90,10,07-11-2023,IMPRESSIONS,VIEWED,11.53
1936,61,18,25-09-2024,IMPRESSIONS,VIEWED,32.6
1937,128,4,10-11-2024,CHECKOUT,ABANDONED,
1938,50,2,19-05-2023,CHECKOUT,ABANDONED,
1939,195,16,24-06-2023,CART,ADDED TO CART,141.71
1940,300,19,06-07-2023,IMPRESSIONS,VIEWED,42.86
1941,291,12,14-12-2023,CHECKOUT,PURCHASED,62.57
1942,70,20,04-11-2023,CLICK,CLICKED,89.47
1943,101,11,27-10-2023,CLICK,CLICKED,60.21
1944,254,1,28-09-2024,CHECKOUT,ABANDONED,
1945,87,12,16-09-2023,IMPRESSIONS,VIEWED,24.58
1946,86,2,26-10-2024,IMPRESSIONS,VIEWED,22.96
1947,222,11,11-02-2023,IMPRESSIONS,VIEWED,18.32
1948,17,5,01-10-2024,IMPRESSIONS,VIEWED,20.23
1949,241,13,02-02-2024,IMPRESSIONS,VIEWED,18.43
1950,263,14,21-02-2024,CLICK,CLICKED,68.93
1951,283,7,15-05-2024,IMPRESSIONS,VIEWED,41.75
1952,44,11,05-06-2024,CHECKOUT,ABANDONED,
1953,66,4,06-09-2023,IMPRESSIONS,VIEWED,11.16
1954,122,3,19-03-2023,IMPRESSIONS,VIEWED,39.81
1955,37,5,19-08-2024,CLICK,CLICKED,73.96
1956,55,20,05-05-2023,IMPRESSIONS,VIEWED,41.72
1957,42,6,04-04-2023,CLICK,CLICKED,47.47
1958,120,7,21-02-2023,CLICK,CLICKED,61.91
1959,99,16,22-07-2023,CLICK,CLICKED,50.19
1960,32,15,09-07-2023,CLICK,CLICKED,88.06
1961,135,5,09-07-2024,CLICK,CLICKED,67.72
1962,39,7,11-07-2023,CART,ADDED TO CART,49.49
1963,152,20,27-02-2024,CLICK,CLICKED,46.99
1964,177,8,27-06-2024,IMPRESSIONS,VIEWED,35.17
1965,34,2,06-03-2023,CLICK,CLICKED,21.0
1966,229,1,21-11-2024,IMPRESSIONS,VIEWED,27.77
1967,164,15,02-01-2024,CART,ADDED TO CART,74.45
1968,154,16,17-11-2023,CLICK,CLICKED,59.04
1969,22,12,24-02-2024,CLICK,CLICKED,84.26
1970,207,15,20-04-2024,CLICK,CLICKED,46.47
1971,13,5,21-11-2023,IMPRESSIONS,VIEWED,19.63
1972,223,6,04-06-2023,CLICK,CLICKED,22.11
1973,201,16,03-06-2023,IMPRESSIONS,VIEWED,24.89
1974,82,10,16-07-2024,IMPRESSIONS,VIEWED,29.27
1975,256,14,21-03-2024,CHECKOUT,ABANDONED,
1976,250,2,28-12-2023,CHECKOUT,PURCHASED,288.0
1977,245,20,24-10-2023,IMPRESSIONS,VIEWED,21.65
1978,7,10,08-10-2024,IMPRESSIONS,VIEWED,29.47
1979,67,17,16-10-2023,IMPRESSIONS,VIEWED,19.78
1980,243,3,19-01-2023,IMPRESSIONS,VIEWED,13.38
1981,168,8,17-11-2023,CLICK,CLICKED,56.62
1982,296,11,16-12-2024,IMPRESSIONS,VIEWED,36.26
1983,294,8,26-12-2024,CLICK,CLICKED,51.64
1984,241,1,17-11-2023,CLICK,CLICKED,71.26
1985,165,3,25-06-2024,CLICK,CLICKED,48.71
1986,99,9,29-12-2024,IMPRESSIONS,VIEWED,14.86
1987,2,11,31-12-2023,CART,ADDED TO CART,97.43
1988,140,11,11-05-2024,CHECKOUT,PURCHASED,255.15
1989,97,20,11-09-2024,IMPRESSIONS,VIEWED,25.94
1990,259,10,12-09-2023,CART,ADDED TO CART,114.08
1991,6,10,25-09-2023,IMPRESSIONS,VIEWED,6.15
1992,216,3,13-01-2024,CLICK,CLICKED,61.94
1993,285,6,31-08-2024,IMPRESSIONS,VIEWED,42.48
1994,234,9,22-07-2023,CLICK,CLICKED,27.22
1995,66,11,18-01-2023,IMPRESSIONS,VIEWED,19.75
1996,162,13,17-07-2024,IMPRESSIONS,VIEWED,20.82
1997,168,20,05-02-2023,CLICK,CLICKED,81.24
1998,29,5,23-05-2024,IMPRESSIONS,VIEWED,11.06
1999,268,6,31-12-2024,IMPRESSIONS,VIEWED,18.53
2000,212,11,13-03-2023,CLICK,CLICKED,63.14
2001,203,5,15-07-2024,CART,ADDED TO CART,83.82
2002,60,9,21-08-2023,IMPRESSIONS,VIEWED,30.72
2003,116,16,13-02-2023,IMPRESSIONS,VIEWED,43.18
2004,71,17,24-11-2023,IMPRESSIONS,VIEWED,25.41
2005,149,16,25-01-2023,CLICK,CLICKED,18.01
2006,19,7,24-08-2023,CLICK,CLICKED,67.64
2007,298,12,05-06-2024,CHECKOUT,ABANDONED,
2008,204,7,05-06-2023,CLICK,CLICKED,56.72
2009,262,13,13-06-2023,CART,ADDED TO CART,70.14
2010,168,9,07-02-2024,IMPRESSIONS,VIEWED,6.15
2011,263,13,29-07-2023,IMPRESSIONS,VIEWED,37.19
2012,106,7,06-08-2024,CART,ADDED TO CART,129.95
2013,110,19,07-11-2023,IMPRESSIONS,VIEWED,27.67
2014,130,7,07-06-2024,IMPRESSIONS,VIEWED,38.18
2015,171,7,26-05-2024,CHECKOUT,ABANDONED,
2016,168,15,05-02-2024,CLICK,CLICKED,51.01
2017,147,8,21-03-2023,CLICK,CLICKED,61.45
2018,6,9,01-01-2023,IMPRESSIONS,VIEWED,8.89
2019,189,7,23-10-2024,IMPRESSIONS,VIEWED,8.04
2020,214,1,01-11-2023,CART,ADDED TO CART,66.25
2021,135,15,29-07-2023,IMPRESSIONS,VIEWED,11.98
2022,58,3,29-08-2023,CLICK,CLICKED,16.69
2023,289,16,06-03-2023,CART,ADDED TO CART,55.86
2024,204,13,31-01-2023,IMPRESSIONS,VIEWED,21.5
2025,7,19,15-02-2023,CLICK,CLICKED,68.92
2026,104,9,25-01-2023,CLICK,CLICKED,66.73
2027,1,2,30-07-2024,CART,ADDED TO CART,97.07
2028,251,8,18-02-2023,IMPRESSIONS,VIEWED,23.25
2029,242,18,17-06-2023,IMPRESSIONS,VIEWED,17.83
2030,178,14,28-06-2023,CLICK,CLICKED,88.76
2031,150,5,19-11-2024,CART,ADDED TO CART,111.09
2032,209,12,18-03-2024,IMPRESSIONS,VIEWED,18.31
2033,184,15,06-04-2024,CART,ADDED TO CART,136.77
2034,176,17,02-10-2024,IMPRESSIONS,VIEWED,39.04
2035,294,5,30-07-2023,CART,ADDED TO CART,39.81
2036,215,4,28-05-2024,CLICK,CLICKED,34.1
2037,282,6,21-08-2023,CLICK,CLICKED,23.77
2038,192,18,09-02-2024,CLICK,CLICKED,58.28
2039,209,4,20-08-2023,CLICK,CLICKED,77.58
2040,97,1,31-05-2024,CART,ADDED TO CART,47.32
2041,37,10,05-09-2023,CART,ADDED TO CART,129.03
2042,278,4,15-07-2023,IMPRESSIONS,VIEWED,9.84
2043,96,3,10-03-2023,IMPRESSIONS,VIEWED,42.79
2044,207,1,15-12-2024,CLICK,CLICKED,43.12
2045,156,14,26-09-2024,CLICK,CLICKED,65.93
2046,17,16,24-11-2023,IMPRESSIONS,VIEWED,39.45
2047,197,18,11-04-2023,IMPRESSIONS,VIEWED,44.79
2048,195,2,14-05-2024,CART,ADDED TO CART,86.98
2049,279,3,26-03-2023,IMPRESSIONS,VIEWED,20.19
2050,173,8,10-09-2024,CHECKOUT,PURCHASED,127.33
2051,283,15,10-08-2023,CLICK,CLICKED,66.29
2052,15,17,31-03-2024,IMPRESSIONS,VIEWED,15.99
2053,290,13,02-07-2024,CLICK,CLICKED,58.92
2054,265,16,28-06-2023,CHECKOUT,ABANDONED,
2055,84,2,25-10-2023,CLICK,CLICKED,66.51
2056,40,7,08-05-2024,CLICK,CLICKED,73.18
2057,91,13,14-02-2023,IMPRESSIONS,VIEWED,39.62
2058,299,16,23-08-2023,CLICK,CLICKED,27.33
2059,68,20,30-07-2024,IMPRESSIONS,VIEWED,36.77
2060,221,1,26-12-2024,CLICK,CLICKED,46.4
2061,18,9,22-03-2024,CLICK,CLICKED,19.89
2062,135,12,01-05-2024,IMPRESSIONS,VIEWED,9.84
2063,83,3,07-08-2024,IMPRESSIONS,VIEWED,31.39
2064,280,12,24-07-2024,IMPRESSIONS,VIEWED,28.28
2065,60,18,10-02-2023,IMPRESSIONS,VIEWED,10.33
2066,201,1,16-01-2024,IMPRESSIONS,VIEWED,25.98
2067,137,19,27-06-2024,IMPRESSIONS,VIEWED,41.83
2068,246,7,13-07-2023,CLICK,CLICKED,31.06
2069,89,13,20-07-2024,CLICK,CLICKED,65.03
2070,262,5,11-03-2023,CLICK,CLICKED,33.53
2071,212,12,19-08-2023,CART,ADDED TO CART,37.16
2072,222,2,25-11-2023,CART,ADDED TO CART,53.11
2073,192,13,05-04-2024,CLICK,CLICKED,50.95
2074,261,14,23-10-2024,DROP-OFF,ABANDONED,
2075,81,8,05-09-2024,CLICK,CLICKED,47.46
2076,16,14,09-03-2023,CLICK,CLICKED,42.71
2077,202,9,20-04-2024,CLICK,CLICKED,77.72
2078,168,10,26-04-2024,CLICK,CLICKED,50.2
2079,47,16,17-12-2023,CLICK,CLICKED,62.18
2080,139,10,31-08-2024,CLICK,CLICKED,83.04
2081,290,7,23-12-2023,CHECKOUT,PURCHASED,255.56
2082,266,14,13-10-2023,IMPRESSIONS,VIEWED,35.73
2083,72,10,14-07-2023,CLICK,CLICKED,30.33
2084,237,19,16-06-2024,IMPRESSIONS,VIEWED,13.23
2085,173,6,25-10-2024,CART,ADDED TO CART,59.48
2086,248,9,04-08-2024,CLICK,CLICKED,34.1
2087,37,9,08-05-2023,CHECKOUT,PURCHASED,45.83
2088,97,9,21-05-2024,CLICK,CLICKED,29.94
2089,27,14,05-10-2024,CHECKOUT,PURCHASED,166.47
2090,199,11,03-05-2023,IMPRESSIONS,VIEWED,35.4
2091,28,2,13-03-2023,IMPRESSIONS,VIEWED,36.35
2092,217,7,10-02-2023,DROP-OFF,ABANDONED,
2093,31,1,25-04-2023,IMPRESSIONS,VIEWED,22.19
2094,119,8,25-09-2024,CLICK,CLICKED,78.06
2095,78,1,20-07-2024,CLICK,CLICKED,75.43
2096,197,7,08-07-2024,CLICK,CLICKED,57.84
2097,139,16,08-05-2023,IMPRESSIONS,VIEWED,14.68
2098,85,6,14-08-2023,IMPRESSIONS,VIEWED,31.85
2099,223,19,06-09-2024,CART,ADDED TO CART,55.61
2100,52,3,23-02-2024,CLICK,CLICKED,70.44
2101,197,20,25-01-2024,IMPRESSIONS,VIEWED,40.27
2102,252,14,20-06-2024,IMPRESSIONS,VIEWED,25.3
2103,199,15,13-09-2024,IMPRESSIONS,VIEWED,29.04
2104,194,6,18-02-2024,IMPRESSIONS,VIEWED,21.2
2105,128,10,25-08-2023,IMPRESSIONS,VIEWED,32.46
2106,289,8,22-10-2024,CLICK,CLICKED,44.17
2107,177,12,26-01-2024,IMPRESSIONS,VIEWED,41.37
2108,46,14,19-09-2023,IMPRESSIONS,VIEWED,41.46
2109,134,16,11-06-2023,IMPRESSIONS,VIEWED,44.17
2110,187,2,23-08-2023,IMPRESSIONS,VIEWED,29.62
2111,284,2,14-09-2023,IMPRESSIONS,VIEWED,10.96
2112,73,14,13-10-2023,CHECKOUT,ABANDONED,
2113,118,14,16-11-2023,IMPRESSIONS,VIEWED,39.87
2114,27,19,01-11-2024,CART,ADDED TO CART,64.59
2115,241,14,21-06-2023,IMPRESSIONS,VIEWED,7.7
2116,52,9,03-07-2023,CLICK,CLICKED,69.24
2117,79,18,11-07-2023,IMPRESSIONS,VIEWED,39.22
2118,140,17,22-01-2023,CLICK,CLICKED,25.12
2119,25,16,09-06-2023,CART,ADDED TO CART,133.4
2120,189,19,13-10-2023,CLICK,CLICKED,68.27
2121,128,6,17-10-2024,CLICK,CLICKED,88.71
2122,70,1,22-10-2023,CLICK,CLICKED,56.27
2123,207,17,22-04-2024,CHECKOUT,PURCHASED,245.53
2124,296,13,15-09-2023,CLICK,CLICKED,52.74
2125,256,5,07-02-2023,IMPRESSIONS,VIEWED,9.62
2126,212,13,20-01-2024,IMPRESSIONS,VIEWED,24.49
2127,9,7,21-03-2024,CART,ADDED TO CART,83.99
2128,72,10,10-02-2024,IMPRESSIONS,VIEWED,41.15
2129,130,16,13-02-2024,CLICK,CLICKED,81.18
2130,238,5,01-03-2024,CHECKOUT,PURCHASED,286.67
2131,52,10,19-01-2024,IMPRESSIONS,VIEWED,40.48
2132,222,3,04-09-2024,IMPRESSIONS,VIEWED,42.36
2133,246,3,27-12-2023,IMPRESSIONS,VIEWED,5.44
2134,52,5,29-12-2024,CLICK,CLICKED,53.21
2135,267,12,25-01-2023,IMPRESSIONS,VIEWED,18.88
2136,168,10,12-01-2024,IMPRESSIONS,VIEWED,35.34
2137,222,17,07-02-2023,CLICK,CLICKED,84.97
2138,194,11,07-11-2024,CLICK,CLICKED,25.67
2139,101,3,23-09-2024,IMPRESSIONS,VIEWED,6.68
2140,156,1,17-05-2023,IMPRESSIONS,VIEWED,36.98
2141,78,14,14-07-2024,CLICK,CLICKED,89.33
2142,84,2,29-09-2023,CART,ADDED TO CART,56.29
2143,85,16,27-04-2023,IMPRESSIONS,VIEWED,29.67
2144,191,16,22-09-2023,CLICK,CLICKED,54.5
2145,267,9,31-08-2024,CART,ADDED TO CART,57.14
2146,12,14,09-05-2024,IMPRESSIONS,VIEWED,43.91
2147,208,2,28-08-2024,IMPRESSIONS,VIEWED,37.96
2148,285,8,13-08-2023,CHECKOUT,ABANDONED,
2149,238,5,11-04-2023,CLICK,CLICKED,70.69
2150,215,19,06-12-2023,IMPRESSIONS,VIEWED,29.92
2151,34,11,28-02-2023,IMPRESSIONS,VIEWED,21.57
2152,16,11,15-01-2024,IMPRESSIONS,VIEWED,40.16
2153,252,13,25-08-2024,IMPRESSIONS,VIEWED,16.46
2154,85,11,13-06-2023,CLICK,CLICKED,22.55
2155,43,1,03-06-2023,CLICK,CLICKED,85.08
2156,78,2,03-01-2023,CLICK,CLICKED,36.86
2157,188,12,13-11-2024,CLICK,CLICKED,81.97
2158,170,4,09-02-2023,CHECKOUT,PURCHASED,296.99
2159,1,7,24-06-2023,CHECKOUT,ABANDONED,
2160,56,9,30-08-2024,IMPRESSIONS,VIEWED,10.54
2161,237,20,24-09-2023,IMPRESSIONS,VIEWED,29.26
2162,146,2,07-02-2024,DROP-OFF,ABANDONED,
2163,84,16,08-04-2024,IMPRESSIONS,VIEWED,31.14
2164,206,14,29-08-2023,CART,ADDED TO CART,109.95
2165,108,8,17-04-2024,IMPRESSIONS,VIEWED,8.18
2166,61,5,21-04-2023,CHECKOUT,PURCHASED,83.08
2167,38,10,07-12-2023,CLICK,CLICKED,47.65
2168,63,18,24-08-2024,IMPRESSIONS,VIEWED,31.25
2169,187,6,05-02-2024,IMPRESSIONS,VIEWED,6.26
2170,130,13,11-07-2023,CART,ADDED TO CART,109.0
2171,204,11,05-04-2024,IMPRESSIONS,VIEWED,31.34
2172,291,6,08-01-2023,CHECKOUT,ABANDONED,
2173,129,14,06-04-2023,CLICK,CLICKED,18.15
2174,72,8,09-06-2024,CLICK,CLICKED,69.06
2175,214,2,10-01-2023,CLICK,CLICKED,40.29
2176,54,16,28-05-2024,IMPRESSIONS,VIEWED,32.21
2177,259,9,27-06-2024,IMPRESSIONS,VIEWED,35.79
2178,21,15,28-08-2024,CLICK,CLICKED,36.34
2179,10,14,26-08-2024,CLICK,CLICKED,77.22
2180,214,15,15-09-2024,CLICK,CLICKED,48.7
2181,154,2,23-08-2023,CLICK,CLICKED,34.9
2182,272,8,11-02-2023,IMPRESSIONS,VIEWED,20.88
2183,221,2,19-03-2023,CART,ADDED TO CART,94.23
2184,280,14,17-01-2023,CLICK,CLICKED,52.25
2185,298,7,30-06-2024,CLICK,CLICKED,79.14
2186,200,18,03-12-2023,IMPRESSIONS,VIEWED,32.4
2187,41,11,24-10-2024,IMPRESSIONS,VIEWED,8.98
2188,133,6,04-11-2024,IMPRESSIONS,VIEWED,11.47
2189,219,7,17-06-2023,IMPRESSIONS,VIEWED,44.92
2190,281,3,20-03-2023,CHECKOUT,PURCHASED,262.52
2191,2,8,09-03-2023,CART,ADDED TO CART,145.82
2192,59,15,12-12-2023,IMPRESSIONS,VIEWED,24.25
2193,143,3,31-12-2023,CART,ADDED TO CART,51.17
2194,97,18,14-09-2023,CART,ADDED TO CART,149.05
2195,84,5,17-12-2023,IMPRESSIONS,VIEWED,44.64
2196,180,1,15-12-2023,CHECKOUT,ABANDONED,
2197,54,17,17-02-2024,IMPRESSIONS,VIEWED,35.94
2198,35,8,03-11-2024,CHECKOUT,ABANDONED,
2199,286,15,01-02-2024,IMPRESSIONS,VIEWED,41.0
2200,19,15,12-07-2023,IMPRESSIONS,VIEWED,44.51
2201,191,11,01-03-2024,CART,ADDED TO CART,146.35
2202,238,3,18-05-2023,CART,ADDED TO CART,101.15
2203,243,16,20-07-2024,CHECKOUT,PURCHASED,75.54
2204,17,11,09-09-2023,IMPRESSIONS,VIEWED,6.56
2205,55,2,04-11-2023,CLICK,CLICKED,76.18
2206,79,9,15-12-2023,CART,ADDED TO CART,147.02
2207,187,3,25-05-2024,IMPRESSIONS,VIEWED,5.91
2208,146,11,09-07-2023,CLICK,CLICKED,42.19
2209,49,9,08-12-2023,IMPRESSIONS,VIEWED,28.06
2210,299,3,26-08-2023,IMPRESSIONS,VIEWED,37.46
2211,282,19,08-12-2024,CLICK,CLICKED,82.15
2212,21,10,06-03-2024,IMPRESSIONS,VIEWED,34.64
2213,71,3,07-04-2023,DROP-OFF,ABANDONED,
2214,3,4,03-05-2024,IMPRESSIONS,VIEWED,26.68
2215,136,6,28-08-2024,CHECKOUT,ABANDONED,
2216,42,11,22-06-2023,IMPRESSIONS,VIEWED,23.81
2217,65,6,29-11-2024,CLICK,CLICKED,66.11
2218,140,19,12-07-2023,CLICK,CLICKED,47.23
2219,199,7,24-06-2024,IMPRESSIONS,VIEWED,43.95
2220,211,19,22-10-2023,IMPRESSIONS,VIEWED,15.2
2221,255,1,28-04-2023,IMPRESSIONS,VIEWED,32.65
2222,296,6,18-10-2024,CLICK,CLICKED,68.33
2223,119,8,17-02-2023,CART,ADDED TO CART,45.96
2224,112,9,26-04-2023,CLICK,CLICKED,77.25
2225,8,14,20-04-2023,IMPRESSIONS,VIEWED,10.88
2226,64,12,29-11-2023,CHECKOUT,PURCHASED,213.18
2227,141,15,10-11-2024,IMPRESSIONS,VIEWED,20.57
2228,97,8,16-05-2024,CLICK,CLICKED,18.67
2229,2,14,19-04-2024,IMPRESSIONS,VIEWED,25.97
2230,105,14,24-04-2023,CHECKOUT,ABANDONED,
2231,146,9,01-07-2023,IMPRESSIONS,VIEWED,36.43
2232,272,3,23-08-2024,CLICK,CLICKED,48.7
2233,142,16,04-02-2024,IMPRESSIONS,VIEWED,22.53
2234,69,1,29-08-2023,CLICK,CLICKED,88.99
2235,283,17,19-10-2024,CHECKOUT,ABANDONED,
2236,138,12,18-06-2024,IMPRESSIONS,VIEWED,39.48
2237,265,10,18-02-2024,IMPRESSIONS,VIEWED,40.95
2238,130,8,15-11-2024,DROP-OFF,ABANDONED,
2239,295,17,07-07-2023,CLICK,CLICKED,86.9
2240,168,18,05-03-2024,CLICK,CLICKED,29.51
2241,56,10,11-03-2024,IMPRESSIONS,VIEWED,30.15
2242,290,19,01-01-2024,IMPRESSIONS,VIEWED,40.61
2243,167,2,11-12-2023,IMPRESSIONS,VIEWED,24.73
2244,221,18,17-01-2023,CLICK,CLICKED,32.35
2245,23,7,23-04-2024,IMPRESSIONS,VIEWED,32.24
2246,281,15,19-05-2023,IMPRESSIONS,VIEWED,19.84
2247,19,9,12-01-2023,CHECKOUT,ABANDONED,
2248,62,9,20-10-2024,CLICK,CLICKED,22.01
2249,122,20,02-05-2023,IMPRESSIONS,VIEWED,6.77
2250,142,18,21-06-2023,CLICK,CLICKED,76.28
2251,111,14,05-12-2023,IMPRESSIONS,VIEWED,5.0
2252,179,12,08-04-2024,CLICK,CLICKED,70.42
2253,293,1,14-11-2024,IMPRESSIONS,VIEWED,14.37
2254,24,6,20-07-2023,CART,ADDED TO CART,45.92
2255,236,2,08-11-2024,IMPRESSIONS,VIEWED,9.72
2256,105,12,04-10-2024,CART,ADDED TO CART,130.17
2257,222,5,05-12-2024,IMPRESSIONS,VIEWED,20.12
2258,88,12,05-02-2023,CLICK,CLICKED,21.36
2259,81,7,16-03-2023,IMPRESSIONS,VIEWED,14.17
2260,86,9,31-12-2024,CLICK,CLICKED,26.8
2261,273,19,09-08-2023,CHECKOUT,PURCHASED,88.89
2262,228,9,20-11-2023,IMPRESSIONS,VIEWED,12.85
2263,152,13,02-07-2024,CLICK,CLICKED,74.75
2264,65,2,24-08-2023,CART,ADDED TO CART,97.21
2265,203,19,30-12-2024,CART,ADDED TO CART,36.34
2266,93,18,26-08-2023,CART,ADDED TO CART,138.96
2267,261,20,10-07-2024,CHECKOUT,ABANDONED,
2268,276,18,27-03-2023,IMPRESSIONS,VIEWED,15.45
2269,282,5,02-07-2023,IMPRESSIONS,VIEWED,10.59
2270,113,3,14-06-2024,IMPRESSIONS,VIEWED,21.88
2271,280,3,26-11-2023,CLICK,CLICKED,17.25
2272,6,1,11-11-2024,CLICK,CLICKED,39.19
2273,300,3,26-03-2023,CLICK,CLICKED,47.92
2274,276,12,28-02-2023,CART,ADDED TO CART,116.31
2275,181,11,24-01-2024,CLICK,CLICKED,34.56
2276,44,18,01-06-2023,CLICK,CLICKED,51.84
2277,40,5,29-06-2023,CART,ADDED TO CART,90.17
2278,22,11,24-01-2024,CLICK,CLICKED,16.97
2279,26,1,08-11-2024,IMPRESSIONS,VIEWED,18.81
2280,175,3,06-01-2024,CART,ADDED TO CART,93.6
2281,208,13,30-07-2024,IMPRESSIONS,VIEWED,36.91
2282,262,8,26-11-2023,IMPRESSIONS,VIEWED,17.41
2283,88,19,20-01-2024,CART,ADDED TO CART,105.0
2284,28,14,01-08-2023,IMPRESSIONS,VIEWED,36.46
2285,9,20,13-10-2024,CHECKOUT,PURCHASED,77.07
2286,32,9,18-02-2023,CHECKOUT,ABANDONED,
2287,130,17,08-05-2023,DROP-OFF,ABANDONED,
2288,3,9,02-10-2024,CART,ADDED TO CART,95.7
2289,243,16,12-09-2023,CLICK,CLICKED,54.62
2290,33,13,02-10-2023,IMPRESSIONS,VIEWED,32.87
2291,152,6,18-06-2024,CLICK,CLICKED,37.32
2292,11,8,05-03-2024,CART,ADDED TO CART,74.19
2293,271,14,08-08-2023,IMPRESSIONS,VIEWED,23.48
2294,21,13,26-10-2023,DROP-OFF,ABANDONED,
2295,200,6,30-12-2023,CHECKOUT,ABANDONED,
2296,149,2,11-07-2023,IMPRESSIONS,VIEWED,18.6
2297,96,10,16-07-2023,CHECKOUT,PURCHASED,215.51
2298,241,13,12-11-2023,IMPRESSIONS,VIEWED,25.52
2299,272,17,24-01-2023,CART,ADDED TO CART,74.2
2300,285,17,15-06-2024,IMPRESSIONS,VIEWED,34.02
2301,69,15,16-09-2024,CART,ADDED TO CART,110.84
2302,175,2,24-10-2023,CLICK,CLICKED,32.91
2303,111,7,30-12-2023,IMPRESSIONS,VIEWED,40.34
2304,63,13,16-08-2023,CART,ADDED TO CART,40.81
2305,233,17,22-04-2024,CART,ADDED TO CART,95.33
2306,102,8,30-08-2024,IMPRESSIONS,VIEWED,13.67
2307,208,11,20-08-2023,IMPRESSIONS,VIEWED,33.93
2308,43,20,01-06-2024,CLICK,CLICKED,22.15
2309,257,14,19-07-2024,CART,ADDED TO CART,31.28
2310,95,7,28-01-2023,CHECKOUT,PURCHASED,194.45
2311,172,14,25-04-2023,CLICK,CLICKED,66.63
2312,171,16,14-10-2024,CLICK,CLICKED,76.73
2313,62,14,04-01-2023,DROP-OFF,ABANDONED,
2314,110,13,12-01-2024,CLICK,CLICKED,81.44
2315,40,10,10-09-2024,IMPRESSIONS,VIEWED,9.35
2316,150,8,25-08-2023,IMPRESSIONS,VIEWED,38.52
2317,72,14,19-07-2023,IMPRESSIONS,VIEWED,29.26
2318,259,5,17-03-2023,IMPRESSIONS,VIEWED,18.51
2319,40,3,19-09-2023,DROP-OFF,ABANDONED,
2320,151,5,16-06-2024,CLICK,CLICKED,62.29
2321,173,8,19-05-2024,CHECKOUT,ABANDONED,
2322,223,2,15-06-2024,CLICK,CLICKED,46.99
2323,10,2,17-07-2023,CHECKOUT,ABANDONED,
2324,267,7,05-01-2024,IMPRESSIONS,VIEWED,20.45
2325,234,3,25-11-2023,CHECKOUT,ABANDONED,
2326,52,6,12-08-2023,IMPRESSIONS,VIEWED,7.08
2327,221,17,17-07-2024,IMPRESSIONS,VIEWED,30.06
2328,249,14,28-07-2024,CLICK,CLICKED,88.79
2329,136,10,11-02-2023,IMPRESSIONS,VIEWED,36.75
2330,230,7,17-12-2023,IMPRESSIONS,VIEWED,21.3
2331,109,8,22-10-2024,IMPRESSIONS,VIEWED,9.1
2332,190,15,08-12-2024,CLICK,CLICKED,89.49
2333,298,3,24-10-2023,IMPRESSIONS,VIEWED,33.59
2334,232,9,19-08-2024,CART,ADDED TO CART,120.75
2335,294,20,02-10-2024,IMPRESSIONS,VIEWED,38.21
2336,234,3,18-06-2024,IMPRESSIONS,VIEWED,30.47
2337,292,8,31-05-2023,IMPRESSIONS,VIEWED,5.85
2338,257,10,06-08-2024,CLICK,CLICKED,81.79
2339,56,6,17-08-2023,IMPRESSIONS,VIEWED,21.17
2340,287,2,22-02-2024,CLICK,CLICKED,26.63
2341,61,15,03-03-2024,CHECKOUT,PURCHASED,208.69
2342,90,7,13-11-2023,CLICK,CLICKED,39.43
2343,186,8,16-06-2024,IMPRESSIONS,VIEWED,38.12
2344,177,14,10-11-2024,IMPRESSIONS,VIEWED,18.65
2345,282,5,20-02-2024,CLICK,CLICKED,47.56
2346,137,3,17-07-2024,IMPRESSIONS,VIEWED,21.28
2347,38,7,16-01-2023,CLICK,CLICKED,65.4
2348,75,7,25-06-2024,IMPRESSIONS,VIEWED,15.08
2349,99,9,13-02-2024,CLICK,CLICKED,78.73
2350,140,2,31-01-2023,CART,ADDED TO CART,87.41
2351,115,1,07-01-2023,CLICK,CLICKED,83.05
2352,200,3,26-02-2023,IMPRESSIONS,VIEWED,8.0
2353,99,20,09-12-2023,CART,ADDED TO CART,35.75
2354,34,13,24-06-2024,IMPRESSIONS,VIEWED,16.72
2355,38,11,25-02-2023,CLICK,CLICKED,80.39
2356,227,14,04-10-2024,IMPRESSIONS,VIEWED,30.5
2357,139,1,22-05-2024,IMPRESSIONS,VIEWED,11.49
2358,230,5,17-02-2024,CART,ADDED TO CART,110.57
2359,71,12,20-01-2023,CLICK,CLICKED,69.37
2360,243,13,18-02-2023,CHECKOUT,PURCHASED,241.12
2361,135,1,11-02-2024,DROP-OFF,ABANDONED,
2362,274,9,10-03-2023,CHECKOUT,PURCHASED,96.68
2363,119,3,16-05-2023,CHECKOUT,PURCHASED,136.26
2364,88,7,20-12-2023,CHECKOUT,ABANDONED,
2365,56,15,11-07-2024,CHECKOUT,ABANDONED,
2366,6,7,18-06-2023,CLICK,CLICKED,15.03
2367,58,8,08-03-2024,IMPRESSIONS,VIEWED,23.71
2368,280,19,20-12-2023,IMPRESSIONS,VIEWED,22.9
2369,280,10,11-11-2023,IMPRESSIONS,VIEWED,39.58
2370,166,2,25-05-2023,CHECKOUT,ABANDONED,
2371,262,2,07-04-2023,IMPRESSIONS,VIEWED,14.46
2372,105,9,15-04-2023,IMPRESSIONS,VIEWED,41.2
2373,256,17,24-06-2023,CHECKOUT,ABANDONED,
2374,8,6,16-10-2024,IMPRESSIONS,VIEWED,9.09
2375,100,9,15-06-2024,CHECKOUT,ABANDONED,
2376,88,19,13-07-2024,IMPRESSIONS,VIEWED,14.35
2377,219,8,06-07-2024,IMPRESSIONS,VIEWED,26.74
2378,164,14,30-01-2023,IMPRESSIONS,VIEWED,24.71
2379,279,14,17-02-2024,CLICK,CLICKED,50.87
2380,32,13,23-05-2024,IMPRESSIONS,VIEWED,39.4
2381,8,12,03-01-2023,IMPRESSIONS,VIEWED,31.36
2382,88,6,18-08-2023,CLICK,CLICKED,21.46
2383,202,12,16-01-2023,CART,ADDED TO CART,142.45
2384,136,13,06-08-2024,IMPRESSIONS,VIEWED,7.91
2385,293,5,02-12-2023,CLICK,CLICKED,56.81
2386,274,9,29-08-2023,IMPRESSIONS,VIEWED,43.12
2387,65,2,05-12-2023,CART,ADDED TO CART,109.48
2388,278,14,04-09-2024,CLICK,CLICKED,63.63
2389,153,20,12-12-2023,CART,ADDED TO CART,107.67
2390,146,12,07-04-2024,CLICK,CLICKED,67.15
2391,226,3,01-01-2024,CHECKOUT,ABANDONED,
2392,279,13,03-04-2024,IMPRESSIONS,VIEWED,6.05
2393,232,9,25-01-2024,CART,ADDED TO CART,116.33
2394,237,16,17-09-2024,CLICK,CLICKED,79.28
2395,295,14,01-06-2024,CLICK,CLICKED,39.01
2396,296,7,20-05-2024,CHECKOUT,PURCHASED,246.58
2397,273,11,28-11-2024,CLICK,CLICKED,66.18
2398,122,12,23-02-2023,CLICK,CLICKED,71.67
2399,200,13,26-09-2024,IMPRESSIONS,VIEWED,6.23
2400,64,6,14-10-2023,CHECKOUT,ABANDONED,
2401,176,12,02-10-2023,IMPRESSIONS,VIEWED,28.74
2402,101,5,28-12-2023,CART,ADDED TO CART,52.28
2403,127,5,30-11-2024,CLICK,CLICKED,77.27
2404,114,7,13-07-2024,CHECKOUT,PURCHASED,131.75
2405,85,9,23-03-2023,CLICK,CLICKED,54.98
2406,173,16,02-07-2023,CHECKOUT,ABANDONED,
2407,200,6,12-08-2024,IMPRESSIONS,VIEWED,18.73
2408,190,4,17-08-2023,DROP-OFF,ABANDONED,
2409,55,18,28-12-2024,IMPRESSIONS,VIEWED,43.07
2410,251,17,27-09-2023,CHECKOUT,PURCHASED,48.99
2411,165,16,27-11-2024,IMPRESSIONS,VIEWED,5.3
2412,157,20,03-05-2023,DROP-OFF,ABANDONED,
2413,296,3,26-04-2023,DROP-OFF,ABANDONED,
2414,248,6,18-02-2023,IMPRESSIONS,VIEWED,15.77
2415,20,3,08-01-2024,IMPRESSIONS,VIEWED,18.01
2416,233,4,01-12-2023,CART,ADDED TO CART,42.87
2417,89,12,26-09-2024,CHECKOUT,ABANDONED,
2418,244,17,10-04-2023,IMPRESSIONS,VIEWED,39.06
2419,24,1,27-09-2024,IMPRESSIONS,VIEWED,16.34
2420,45,2,29-12-2023,IMPRESSIONS,VIEWED,32.84
2421,269,16,28-07-2024,IMPRESSIONS,VIEWED,5.27
2422,185,5,29-08-2023,CART,ADDED TO CART,78.26
2423,71,11,24-07-2024,CART,ADDED TO CART,79.93
2424,167,19,02-06-2024,IMPRESSIONS,VIEWED,16.18
2425,86,5,19-05-2024,CLICK,CLICKED,55.6
2426,174,19,08-03-2024,CHECKOUT,PURCHASED,245.84
2427,148,6,29-05-2024,IMPRESSIONS,VIEWED,37.5
2428,220,11,27-01-2023,IMPRESSIONS,VIEWED,6.71
2429,158,12,16-10-2024,IMPRESSIONS,VIEWED,43.34
2430,68,4,30-11-2023,CHECKOUT,ABANDONED,
2431,107,1,28-11-2023,IMPRESSIONS,VIEWED,30.34
2432,218,18,06-07-2023,CLICK,CLICKED,36.33
2433,267,17,23-09-2024,IMPRESSIONS,VIEWED,24.98
2434,114,14,04-04-2024,CHECKOUT,ABANDONED,
2435,150,14,03-06-2023,CART,ADDED TO CART,73.96
2436,264,6,13-01-2024,IMPRESSIONS,VIEWED,37.22
2437,89,18,19-04-2023,CART,ADDED TO CART,130.36
2438,65,7,13-09-2024,IMPRESSIONS,VIEWED,29.96
2439,31,13,09-01-2023,DROP-OFF,ABANDONED,
2440,126,14,26-09-2023,CLICK,CLICKED,40.88
2441,273,6,27-04-2024,IMPRESSIONS,VIEWED,12.08
2442,93,12,06-05-2024,CLICK,CLICKED,57.15
2443,137,16,19-05-2023,IMPRESSIONS,VIEWED,10.7
2444,47,17,16-11-2024,CART,ADDED TO CART,137.96
2445,284,8,15-04-2023,IMPRESSIONS,VIEWED,43.41
2446,241,6,06-03-2023,CLICK,CLICKED,48.22
2447,112,19,02-11-2024,CLICK,CLICKED,39.44
2448,89,5,13-08-2024,CHECKOUT,PURCHASED,233.95
2449,88,4,13-03-2024,CART,ADDED TO CART,106.84
2450,121,18,17-07-2024,IMPRESSIONS,VIEWED,31.13
2451,126,19,07-07-2024,IMPRESSIONS,VIEWED,21.72
2452,251,15,19-05-2024,IMPRESSIONS,VIEWED,14.89
2453,11,19,07-12-2023,IMPRESSIONS,VIEWED,29.45
2454,60,6,02-04-2024,CLICK,CLICKED,29.01
2455,90,15,13-03-2023,IMPRESSIONS,VIEWED,31.67
2456,240,17,24-05-2024,CLICK,CLICKED,68.09
2457,168,5,16-08-2024,CHECKOUT,PURCHASED,78.32
2458,15,4,18-05-2023,CART,ADDED TO CART,117.5
2459,28,18,12-07-2023,IMPRESSIONS,VIEWED,35.44
2460,251,20,03-12-2024,DROP-OFF,ABANDONED,
2461,258,17,05-08-2024,IMPRESSIONS,VIEWED,31.69
2462,183,6,31-08-2023,CLICK,CLICKED,74.9
2463,21,7,18-01-2023,IMPRESSIONS,VIEWED,41.9
2464,42,19,10-08-2024,IMPRESSIONS,VIEWED,18.88
2465,84,7,07-08-2024,CHECKOUT,ABANDONED,
2466,12,5,20-10-2024,CLICK,CLICKED,21.94
2467,102,16,11-10-2023,CLICK,CLICKED,60.91
2468,101,1,13-08-2024,IMPRESSIONS,VIEWED,13.42
2469,256,3,15-09-2024,CHECKOUT,PURCHASED,146.44
2470,78,5,29-04-2023,IMPRESSIONS,VIEWED,21.4
2471,72,2,28-04-2023,CLICK,CLICKED,23.45
2472,207,4,13-05-2023,CHECKOUT,ABANDONED,
2473,62,20,02-02-2023,IMPRESSIONS,VIEWED,42.3
2474,102,20,08-08-2023,IMPRESSIONS,VIEWED,20.21
2475,107,18,14-01-2023,CLICK,CLICKED,73.25
2476,54,5,16-10-2023,IMPRESSIONS,VIEWED,5.91
2477,286,13,02-10-2024,CLICK,CLICKED,58.23
2478,168,5,03-06-2023,CLICK,CLICKED,16.28
2479,100,12,25-12-2023,CART,ADDED TO CART,127.26
2480,1,7,13-11-2024,CLICK,CLICKED,73.44
2481,299,16,18-01-2023,CART,ADDED TO CART,146.27
2482,61,5,10-10-2023,IMPRESSIONS,VIEWED,26.59
2483,199,10,14-05-2023,IMPRESSIONS,VIEWED,42.66
2484,80,1,25-05-2023,CHECKOUT,PURCHASED,152.73
2485,186,20,15-06-2023,CLICK,CLICKED,19.52
2486,32,15,29-03-2023,IMPRESSIONS,VIEWED,14.13
2487,65,10,27-06-2024,CLICK,CLICKED,38.96
2488,82,1,16-08-2023,CLICK,CLICKED,33.73
2489,64,1,22-09-2024,IMPRESSIONS,VIEWED,27.58
2490,232,12,09-03-2024,CHECKOUT,ABANDONED,
2491,34,12,29-03-2024,CLICK,CLICKED,36.38
2492,89,8,15-09-2023,CLICK,CLICKED,77.76
2493,129,15,20-03-2024,IMPRESSIONS,VIEWED,35.77
2494,264,4,09-02-2023,IMPRESSIONS,VIEWED,9.02
2495,205,9,03-04-2023,CLICK,CLICKED,55.83
2496,265,4,17-11-2024,IMPRESSIONS,VIEWED,28.71
2497,56,11,22-12-2024,IMPRESSIONS,VIEWED,25.33
2498,210,15,15-04-2023,IMPRESSIONS,VIEWED,18.29
2499,25,10,05-01-2024,CHECKOUT,PURCHASED,170.47
2500,103,13,29-06-2023,IMPRESSIONS,VIEWED,5.7
2501,223,6,24-12-2023,CLICK,CLICKED,46.94
2502,220,20,17-09-2023,CLICK,CLICKED,57.09
2503,171,7,18-11-2024,CART,ADDED TO CART,102.84
2504,81,15,18-09-2023,CART,ADDED TO CART,82.42
2505,77,3,28-12-2023,CLICK,CLICKED,67.46
2506,244,1,02-02-2023,IMPRESSIONS,VIEWED,21.59
2507,52,10,05-12-2023,CLICK,CLICKED,74.63
2508,26,15,25-08-2024,CLICK,CLICKED,83.54
2509,20,1,01-11-2024,IMPRESSIONS,VIEWED,37.82
2510,289,9,10-08-2024,IMPRESSIONS,VIEWED,17.67
2511,89,2,19-09-2023,CLICK,CLICKED,63.49
2512,255,13,12-09-2024,CLICK,CLICKED,63.6
2513,102,15,27-08-2024,IMPRESSIONS,VIEWED,20.29
2514,285,10,15-04-2023,IMPRESSIONS,VIEWED,10.94
2515,249,10,20-02-2023,CLICK,CLICKED,32.5
2516,90,11,23-03-2024,IMPRESSIONS,VIEWED,44.83
2517,229,1,10-03-2023,CLICK,CLICKED,81.26
2518,72,1,08-08-2023,CLICK,CLICKED,22.93
2519,211,2,12-06-2023,CLICK,CLICKED,22.13
2520,280,3,29-08-2023,IMPRESSIONS,VIEWED,40.9
2521,43,15,23-01-2023,CART,ADDED TO CART,141.34
2522,261,1,14-03-2023,CHECKOUT,PURCHASED,273.01
2523,156,18,22-05-2023,IMPRESSIONS,VIEWED,42.87
2524,183,17,09-06-2024,CART,ADDED TO CART,98.53
2525,226,17,18-01-2024,IMPRESSIONS,VIEWED,7.47
2526,14,9,07-07-2024,IMPRESSIONS,VIEWED,23.93
2527,48,6,13-07-2023,IMPRESSIONS,VIEWED,28.83
2528,47,3,11-06-2023,CLICK,CLICKED,74.36
2529,217,18,31-05-2024,IMPRESSIONS,VIEWED,31.58
2530,26,9,14-02-2023,CLICK,CLICKED,34.4
2531,46,19,09-03-2024,IMPRESSIONS,VIEWED,24.77
2532,283,8,01-07-2023,CLICK,CLICKED,69.21
2533,182,4,16-04-2024,CLICK,CLICKED,36.96
2534,24,20,07-03-2024,CLICK,CLICKED,43.78
2535,128,9,18-09-2024,IMPRESSIONS,VIEWED,25.47
2536,78,3,30-03-2024,IMPRESSIONS,VIEWED,20.44
2537,82,12,16-08-2024,CART,ADDED TO CART,63.03
2538,280,5,01-01-2023,CLICK,CLICKED,55.1
2539,273,17,22-08-2023,CLICK,CLICKED,88.88
2540,203,16,04-06-2023,CHECKOUT,PURCHASED,198.5
2541,35,14,23-01-2023,CLICK,CLICKED,37.49
2542,110,4,23-08-2024,DROP-OFF,ABANDONED,
2543,128,12,08-11-2024,CART,ADDED TO CART,149.83
2544,105,14,21-04-2023,IMPRESSIONS,VIEWED,40.78
2545,175,6,12-09-2023,IMPRESSIONS,VIEWED,27.25
2546,49,13,07-12-2023,CART,ADDED TO CART,139.2
2547,185,9,06-11-2023,CLICK,CLICKED,61.22
2548,220,11,27-10-2024,IMPRESSIONS,VIEWED,15.94
2549,291,14,16-02-2024,CART,ADDED TO CART,120.67
2550,248,3,12-06-2024,IMPRESSIONS,VIEWED,26.87
2551,2,13,17-04-2024,CART,ADDED TO CART,41.63
2552,41,15,05-10-2023,IMPRESSIONS,VIEWED,38.59
2553,95,13,03-10-2024,IMPRESSIONS,VIEWED,29.66
2554,276,20,12-09-2023,CLICK,CLICKED,38.37
2555,260,13,03-08-2024,IMPRESSIONS,VIEWED,18.61
2556,134,11,06-11-2024,IMPRESSIONS,VIEWED,33.9
2557,93,2,04-12-2024,CART,ADDED TO CART,59.57
2558,196,2,26-12-2023,IMPRESSIONS,VIEWED,21.9
2559,32,8,02-09-2024,CLICK,CLICKED,46.59
2560,128,14,27-12-2024,CLICK,CLICKED,39.57
2561,29,13,12-05-2024,IMPRESSIONS,VIEWED,37.28
2562,153,17,17-08-2024,IMPRESSIONS,VIEWED,41.82
2563,193,9,24-07-2024,CLICK,CLICKED,45.78
2564,168,14,26-09-2023,IMPRESSIONS,VIEWED,21.94
2565,187,16,29-03-2024,IMPRESSIONS,VIEWED,36.3
2566,158,11,15-08-2023,IMPRESSIONS,VIEWED,10.23
2567,190,9,19-02-2024,CHECKOUT,ABANDONED,
2568,95,14,11-12-2023,CLICK,CLICKED,44.74
2569,172,20,14-09-2024,IMPRESSIONS,VIEWED,32.79
2570,218,6,11-07-2023,IMPRESSIONS,VIEWED,12.24
2571,232,14,04-05-2024,CLICK,CLICKED,45.09
2572,162,20,10-03-2023,IMPRESSIONS,VIEWED,12.08
2573,52,3,17-01-2024,DROP-OFF,ABANDONED,
2574,129,18,13-06-2024,CLICK,CLICKED,72.04
2575,275,1,21-04-2023,CLICK,CLICKED,68.32
2576,287,5,20-07-2023,CHECKOUT,ABANDONED,
2577,296,20,02-01-2024,IMPRESSIONS,VIEWED,22.84
2578,210,9,18-06-2023,CLICK,CLICKED,26.05
2579,57,6,24-02-2023,IMPRESSIONS,VIEWED,34.42
2580,246,11,22-08-2023,IMPRESSIONS,VIEWED,23.45
2581,180,6,13-01-2024,CHECKOUT,PURCHASED,123.99
2582,64,18,12-12-2024,CART,ADDED TO CART,135.44
2583,186,9,18-02-2023,IMPRESSIONS,VIEWED,17.22
2584,189,10,29-10-2024,CLICK,CLICKED,78.41
2585,40,4,24-05-2023,CHECKOUT,ABANDONED,
2586,230,10,04-07-2024,CLICK,CLICKED,48.81
2587,204,7,06-09-2023,CLICK,CLICKED,27.73
2588,99,18,05-07-2024,IMPRESSIONS,VIEWED,40.91
2589,182,1,01-11-2024,CLICK,CLICKED,87.17
2590,22,9,03-12-2023,CLICK,CLICKED,44.0
2591,118,11,12-07-2024,CLICK,CLICKED,61.81
2592,118,11,24-08-2023,CHECKOUT,ABANDONED,
2593,19,4,11-06-2024,IMPRESSIONS,VIEWED,23.97
2594,147,17,10-03-2023,CART,ADDED TO CART,148.67
2595,143,9,18-09-2023,CHECKOUT,ABANDONED,
2596,134,9,13-03-2024,IMPRESSIONS,VIEWED,32.54
2597,244,20,26-09-2024,IMPRESSIONS,VIEWED,30.67
2598,165,8,21-10-2024,CLICK,CLICKED,87.03
2599,263,9,05-07-2024,CART,ADDED TO CART,148.58
2600,271,17,08-06-2023,DROP-OFF,ABANDONED,
2601,32,10,19-11-2023,CLICK,CLICKED,22.85
2602,231,5,17-09-2023,IMPRESSIONS,VIEWED,39.47
2603,277,13,28-12-2024,IMPRESSIONS,VIEWED,41.18
2604,286,8,29-08-2024,IMPRESSIONS,VIEWED,27.72
2605,53,5,26-04-2023,CHECKOUT,PURCHASED,52.67
2606,81,19,04-08-2023,CHECKOUT,PURCHASED,226.48
2607,286,7,21-06-2023,IMPRESSIONS,VIEWED,5.6
2608,118,6,03-01-2023,IMPRESSIONS,VIEWED,22.36
2609,59,2,31-01-2023,CLICK,CLICKED,24.13
2610,281,3,30-10-2023,IMPRESSIONS,VIEWED,16.55
2611,121,18,24-10-2023,DROP-OFF,ABANDONED,
2612,125,3,26-08-2024,CLICK,CLICKED,35.73
2613,282,5,19-07-2023,IMPRESSIONS,VIEWED,38.28
2614,51,2,04-01-2023,IMPRESSIONS,VIEWED,38.41
2615,207,6,04-01-2023,IMPRESSIONS,VIEWED,43.1
2616,195,15,18-03-2023,IMPRESSIONS,VIEWED,22.31
2617,200,14,03-10-2023,IMPRESSIONS,VIEWED,41.65
2618,154,3,26-12-2024,IMPRESSIONS,VIEWED,5.06
2619,229,18,28-11-2023,IMPRESSIONS,VIEWED,6.68
2620,8,12,29-07-2024,CART,ADDED TO CART,80.36
2621,104,10,21-07-2024,IMPRESSIONS,VIEWED,20.54
2622,236,1,24-06-2024,IMPRESSIONS,VIEWED,23.9
2623,249,20,16-03-2023,IMPRESSIONS,VIEWED,12.22
2624,233,3,06-08-2024,CLICK,CLICKED,66.99
2625,122,5,23-01-2023,CHECKOUT,ABANDONED,
2626,221,12,10-04-2024,CART,ADDED TO CART,75.62
2627,155,3,20-07-2024,DROP-OFF,ABANDONED,
2628,189,5,16-03-2023,CART,ADDED TO CART,70.27
2629,161,4,16-04-2024,CLICK,CLICKED,65.32
2630,71,16,31-10-2023,IMPRESSIONS,VIEWED,8.86
2631,283,5,15-10-2023,IMPRESSIONS,VIEWED,22.43
2632,91,6,25-05-2023,CLICK,CLICKED,53.42
2633,39,15,24-02-2023,CART,ADDED TO CART,116.52
2634,188,9,16-05-2023,IMPRESSIONS,VIEWED,19.91
2635,24,11,21-03-2024,CART,ADDED TO CART,30.35
2636,296,5,10-05-2023,CART,ADDED TO CART,89.63
2637,1,19,19-01-2023,CHECKOUT,ABANDONED,
2638,33,13,13-08-2023,CHECKOUT,ABANDONED,
2639,210,9,24-02-2023,CLICK,CLICKED,35.88
2640,241,6,30-05-2024,IMPRESSIONS,VIEWED,5.2
2641,46,16,16-06-2024,CLICK,CLICKED,66.66
2642,232,8,03-04-2023,IMPRESSIONS,VIEWED,20.58
2643,278,12,07-01-2023,CLICK,CLICKED,85.72
2644,31,3,29-04-2023,CLICK,CLICKED,78.29
2645,56,3,19-11-2023,IMPRESSIONS,VIEWED,34.75
2646,117,15,24-02-2023,CART,ADDED TO CART,53.95
2647,17,15,14-03-2023,CART,ADDED TO CART,111.66
2648,3,16,20-09-2023,DROP-OFF,ABANDONED,
2649,45,17,10-08-2024,CART,ADDED TO CART,113.9
2650,117,5,04-08-2024,CLICK,CLICKED,79.89
2651,212,12,15-05-2023,CLICK,CLICKED,72.45
2652,212,3,01-10-2024,CART,ADDED TO CART,147.29
2653,104,10,05-07-2024,IMPRESSIONS,VIEWED,15.31
2654,24,5,27-12-2023,CART,ADDED TO CART,56.61
2655,94,3,24-04-2024,CHECKOUT,ABANDONED,
2656,185,15,20-09-2023,CLICK,CLICKED,80.35
2657,78,14,26-06-2024,IMPRESSIONS,VIEWED,6.56
2658,220,15,18-07-2023,CLICK,CLICKED,81.82
2659,278,17,19-07-2023,CLICK,CLICKED,75.02
2660,196,10,20-02-2024,DROP-OFF,ABANDONED,
2661,25,11,09-12-2023,IMPRESSIONS,VIEWED,33.19
2662,202,12,04-04-2024,CLICK,CLICKED,42.32
2663,204,6,30-07-2023,CLICK,CLICKED,55.56
2664,171,11,20-04-2023,IMPRESSIONS,VIEWED,31.64
2665,53,8,13-04-2023,CHECKOUT,PURCHASED,162.99
2666,260,13,08-04-2023,CLICK,CLICKED,39.64
2667,152,15,29-11-2024,IMPRESSIONS,VIEWED,30.35
2668,208,20,15-01-2024,CHECKOUT,ABANDONED,
2669,138,3,29-11-2024,IMPRESSIONS,VIEWED,31.67
2670,94,15,18-11-2023,CART,ADDED TO CART,134.63
2671,31,1,11-06-2023,DROP-OFF,ABANDONED,
2672,26,3,24-11-2023,IMPRESSIONS,VIEWED,41.26
2673,178,19,23-09-2023,IMPRESSIONS,VIEWED,22.52
2674,23,16,13-04-2023,CART,ADDED TO CART,131.34
2675,238,20,17-07-2024,IMPRESSIONS,VIEWED,30.76
2676,119,3,19-02-2023,IMPRESSIONS,VIEWED,43.3
2677,111,10,13-01-2023,IMPRESSIONS,VIEWED,16.1
2678,65,2,08-08-2023,IMPRESSIONS,VIEWED,7.88
2679,154,20,07-04-2023,CHECKOUT,PURCHASED,269.53
2680,90,18,03-01-2024,IMPRESSIONS,VIEWED,32.44
2681,175,5,16-02-2023,IMPRESSIONS,VIEWED,7.37
2682,250,19,14-08-2024,IMPRESSIONS,VIEWED,27.85
2683,281,2,17-03-2023,CLICK,CLICKED,34.71
2684,124,16,27-05-2024,IMPRESSIONS,VIEWED,31.49
2685,292,10,11-11-2023,CLICK,CLICKED,16.54
2686,202,16,14-04-2024,IMPRESSIONS,VIEWED,18.12
2687,112,6,10-10-2024,IMPRESSIONS,VIEWED,24.73
2688,195,11,19-09-2023,IMPRESSIONS,VIEWED,16.43
2689,236,18,18-09-2023,IMPRESSIONS,VIEWED,31.46
2690,294,5,13-08-2023,CART,ADDED TO CART,69.72
2691,49,3,16-01-2023,CART,ADDED TO CART,98.56
2692,216,2,31-12-2023,IMPRESSIONS,VIEWED,14.72
2693,78,4,01-04-2023,IMPRESSIONS,VIEWED,36.78
2694,4,10,25-11-2024,IMPRESSIONS,VIEWED,35.17
2695,289,18,10-07-2024,CLICK,CLICKED,27.82
2696,217,10,21-06-2023,IMPRESSIONS,VIEWED,21.76
2697,92,1,11-12-2024,IMPRESSIONS,VIEWED,25.83
2698,40,9,18-04-2024,CHECKOUT,PURCHASED,222.2
2699,65,1,31-03-2024,IMPRESSIONS,VIEWED,14.03
2700,282,1,05-07-2023,IMPRESSIONS,VIEWED,30.88
2701,88,3,28-12-2023,DROP-OFF,ABANDONED,
2702,64,17,09-08-2024,DROP-OFF,ABANDONED,
2703,3,12,02-08-2024,IMPRESSIONS,VIEWED,25.13
2704,109,18,16-01-2024,IMPRESSIONS,VIEWED,27.76
2705,238,16,21-06-2023,CLICK,CLICKED,56.7
2706,23,2,14-12-2023,CHECKOUT,ABANDONED,
2707,274,20,10-08-2023,IMPRESSIONS,VIEWED,25.34
2708,298,16,26-06-2023,CART,ADDED TO CART,69.8
2709,160,2,04-11-2024,IMPRESSIONS,VIEWED,33.9
2710,245,6,02-01-2023,IMPRESSIONS,VIEWED,26.47
2711,118,5,09-11-2024,CHECKOUT,ABANDONED,
2712,130,3,12-10-2023,IMPRESSIONS,VIEWED,34.25
2713,269,4,09-03-2023,IMPRESSIONS,VIEWED,33.04
2714,65,1,11-05-2023,IMPRESSIONS,VIEWED,16.08
2715,77,8,15-05-2023,IMPRESSIONS,VIEWED,19.37
2716,66,4,07-09-2023,IMPRESSIONS,VIEWED,40.94
2717,67,17,06-04-2023,IMPRESSIONS,VIEWED,15.14
2718,101,1,29-11-2024,CHECKOUT,PURCHASED,132.83
2719,119,15,12-04-2024,CLICK,CLICKED,60.83
2720,115,5,14-03-2023,CLICK,CLICKED,46.18
2721,38,16,02-11-2023,IMPRESSIONS,VIEWED,28.28
2722,272,7,03-05-2023,CHECKOUT,ABANDONED,
2723,135,8,08-07-2024,CART,ADDED TO CART,104.41
2724,201,6,04-06-2023,CLICK,CLICKED,46.48
2725,8,17,27-02-2023,IMPRESSIONS,VIEWED,38.66
2726,202,15,11-02-2023,IMPRESSIONS,VIEWED,8.36
2727,263,13,06-01-2024,IMPRESSIONS,VIEWED,36.15
2728,131,10,02-11-2024,IMPRESSIONS,VIEWED,44.19
2729,157,20,13-07-2023,CLICK,CLICKED,15.64
2730,193,6,09-04-2024,IMPRESSIONS,VIEWED,10.39
2731,61,3,30-10-2023,CHECKOUT,PURCHASED,100.19
2732,211,5,18-12-2023,DROP-OFF,ABANDONED,
2733,165,9,20-11-2024,IMPRESSIONS,VIEWED,42.97
2734,51,20,22-02-2024,IMPRESSIONS,VIEWED,41.3
2735,44,20,07-08-2024,CLICK,CLICKED,30.08
2736,174,8,18-05-2023,CART,ADDED TO CART,143.67
2737,96,12,13-11-2024,IMPRESSIONS,VIEWED,14.82
2738,104,2,07-12-2024,IMPRESSIONS,VIEWED,38.93
2739,271,16,20-02-2024,IMPRESSIONS,VIEWED,39.54
2740,200,19,22-11-2024,IMPRESSIONS,VIEWED,21.06
2741,138,11,24-07-2023,IMPRESSIONS,VIEWED,19.83
2742,242,9,07-02-2024,IMPRESSIONS,VIEWED,22.24
2743,144,5,22-03-2023,IMPRESSIONS,VIEWED,5.89
2744,5,19,07-12-2023,DROP-OFF,ABANDONED,
2745,157,17,31-03-2023,CART,ADDED TO CART,121.25
2746,74,11,16-01-2024,CLICK,CLICKED,78.32
2747,94,4,03-09-2023,IMPRESSIONS,VIEWED,14.58
2748,61,9,05-07-2023,IMPRESSIONS,VIEWED,44.91
2749,136,18,20-08-2024,IMPRESSIONS,VIEWED,37.66
2750,155,11,13-11-2023,IMPRESSIONS,VIEWED,27.66
2751,113,15,20-08-2023,IMPRESSIONS,VIEWED,26.37
2752,63,16,27-06-2024,CART,ADDED TO CART,47.05
2753,62,3,13-01-2024,CART,ADDED TO CART,41.09
2754,286,9,22-11-2023,IMPRESSIONS,VIEWED,34.56
2755,91,14,01-06-2024,CART,ADDED TO CART,62.05
2756,256,2,26-04-2023,CLICK,CLICKED,66.86
2757,211,11,01-06-2023,IMPRESSIONS,VIEWED,23.12
2758,296,14,14-02-2024,CLICK,CLICKED,29.62
2759,2,4,13-10-2023,DROP-OFF,ABANDONED,
2760,24,12,06-06-2023,CART,ADDED TO CART,32.95
2761,189,11,26-10-2024,CLICK,CLICKED,16.9
2762,78,16,29-11-2024,IMPRESSIONS,VIEWED,17.37
2763,164,15,09-11-2024,CART,ADDED TO CART,44.39
2764,14,20,05-11-2023,IMPRESSIONS,VIEWED,35.52
2765,271,3,21-05-2024,CHECKOUT,PURCHASED,95.61
2766,102,13,29-09-2024,IMPRESSIONS,VIEWED,12.04
2767,14,20,22-10-2024,IMPRESSIONS,VIEWED,18.76
2768,192,20,27-12-2023,CART,ADDED TO CART,139.15
2769,76,6,04-06-2023,CLICK,CLICKED,67.45
2770,98,17,09-09-2024,CLICK,CLICKED,42.27
2771,243,8,29-12-2023,IMPRESSIONS,VIEWED,22.07
2772,260,12,05-02-2023,CLICK,CLICKED,56.34
2773,236,2,07-06-2024,IMPRESSIONS,VIEWED,35.58
2774,82,7,26-01-2024,IMPRESSIONS,VIEWED,9.99
2775,203,4,29-12-2023,CLICK,CLICKED,67.96
2776,253,14,25-12-2024,CART,ADDED TO CART,123.52
2777,245,7,29-11-2023,IMPRESSIONS,VIEWED,10.81
2778,111,5,26-05-2023,CHECKOUT,PURCHASED,206.86
2779,150,9,07-06-2023,IMPRESSIONS,VIEWED,12.15
2780,182,13,28-02-2023,IMPRESSIONS,VIEWED,19.86
2781,26,13,06-09-2023,CART,ADDED TO CART,133.74
2782,126,3,25-10-2024,IMPRESSIONS,VIEWED,20.87
2783,252,9,18-04-2023,CART,ADDED TO CART,88.27
2784,162,8,26-07-2024,CHECKOUT,ABANDONED,
2785,288,11,02-06-2023,IMPRESSIONS,VIEWED,35.99
2786,90,13,07-11-2024,IMPRESSIONS,VIEWED,14.17
2787,243,12,31-01-2024,IMPRESSIONS,VIEWED,6.8
2788,164,9,05-08-2024,IMPRESSIONS,VIEWED,19.73
2789,220,9,15-03-2023,IMPRESSIONS,VIEWED,22.13
2790,9,19,17-11-2024,IMPRESSIONS,VIEWED,28.64
2791,231,18,23-05-2024,IMPRESSIONS,VIEWED,24.09
2792,1,5,19-01-2023,IMPRESSIONS,VIEWED,31.67
2793,37,20,29-10-2024,CLICK,CLICKED,26.23
2794,38,7,08-08-2024,IMPRESSIONS,VIEWED,23.51
2795,291,15,20-02-2024,IMPRESSIONS,VIEWED,7.97
2796,219,16,10-05-2024,IMPRESSIONS,VIEWED,22.51
2797,200,1,16-04-2024,CHECKOUT,PURCHASED,210.43
2798,216,12,31-08-2023,CART,ADDED TO CART,142.88
2799,293,10,27-07-2023,IMPRESSIONS,VIEWED,18.15
2800,97,1,08-06-2024,CLICK,CLICKED,32.49
2801,75,2,12-06-2023,IMPRESSIONS,VIEWED,38.69
2802,179,16,23-01-2024,IMPRESSIONS,VIEWED,36.98
2803,146,16,08-01-2023,CLICK,CLICKED,46.56
2804,288,15,10-02-2024,IMPRESSIONS,VIEWED,21.04
2805,294,15,30-08-2024,CLICK,CLICKED,46.48
2806,104,13,22-12-2023,IMPRESSIONS,VIEWED,39.32
2807,17,1,21-02-2024,IMPRESSIONS,VIEWED,23.81
2808,20,19,31-01-2024,CHECKOUT,PURCHASED,202.2
2809,238,15,22-03-2023,IMPRESSIONS,VIEWED,27.77
2810,195,8,25-11-2023,IMPRESSIONS,VIEWED,33.76
2811,92,12,25-12-2023,IMPRESSIONS,VIEWED,21.54
2812,106,14,03-11-2023,IMPRESSIONS,VIEWED,29.56
2813,269,20,27-07-2024,CART,ADDED TO CART,103.41
2814,179,10,28-02-2024,CLICK,CLICKED,87.93
2815,135,10,15-08-2023,IMPRESSIONS,VIEWED,36.67
2816,157,20,05-05-2023,IMPRESSIONS,VIEWED,38.35
2817,133,9,15-08-2024,CLICK,CLICKED,80.78
2818,136,1,22-06-2024,CART,ADDED TO CART,47.53
2819,25,19,03-12-2023,CLICK,CLICKED,69.27
2820,112,19,16-11-2024,CART,ADDED TO CART,41.97
2821,81,4,09-01-2023,CHECKOUT,PURCHASED,77.92
2822,89,4,05-05-2024,CART,ADDED TO CART,69.22
2823,266,12,17-07-2023,IMPRESSIONS,VIEWED,18.47
2824,300,5,09-05-2023,IMPRESSIONS,VIEWED,17.07
2825,291,14,08-11-2023,IMPRESSIONS,VIEWED,33.94
2826,115,19,25-02-2023,CART,ADDED TO CART,137.67
2827,183,4,20-05-2023,CART,ADDED TO CART,118.06
2828,237,11,07-02-2024,DROP-OFF,ABANDONED,
2829,201,7,05-12-2023,CLICK,CLICKED,56.65
2830,221,3,10-08-2024,CLICK,CLICKED,67.94
2831,283,10,13-07-2023,IMPRESSIONS,VIEWED,20.52
2832,44,3,17-08-2023,DROP-OFF,ABANDONED,
2833,190,2,29-07-2023,IMPRESSIONS,VIEWED,38.15
2834,81,5,04-02-2023,CHECKOUT,ABANDONED,
2835,159,15,27-10-2023,IMPRESSIONS,VIEWED,31.24
2836,10,10,26-08-2023,CLICK,CLICKED,73.61
2837,277,1,03-02-2023,CLICK,CLICKED,57.68
2838,144,13,19-08-2024,CHECKOUT,PURCHASED,270.96
2839,46,16,24-03-2024,CHECKOUT,ABANDONED,
2840,239,9,12-07-2023,CHECKOUT,PURCHASED,98.0
2841,164,2,08-06-2023,IMPRESSIONS,VIEWED,11.53
2842,287,20,15-10-2023,IMPRESSIONS,VIEWED,22.94
2843,173,6,23-07-2023,IMPRESSIONS,VIEWED,5.37
2844,9,5,05-12-2023,IMPRESSIONS,VIEWED,13.18
2845,6,8,23-01-2023,IMPRESSIONS,VIEWED,23.74
2846,35,4,17-11-2024,CHECKOUT,ABANDONED,
2847,187,1,24-03-2024,CHECKOUT,ABANDONED,
2848,245,20,16-09-2024,IMPRESSIONS,VIEWED,40.95
2849,30,6,12-10-2023,CLICK,CLICKED,20.87
2850,89,8,18-08-2024,CLICK,CLICKED,27.8
2851,15,7,05-10-2023,CLICK,CLICKED,24.53
2852,152,15,11-03-2023,DROP-OFF,ABANDONED,
2853,9,3,10-04-2024,CLICK,CLICKED,36.95
2854,192,2,25-03-2024,CART,ADDED TO CART,139.96
2855,133,18,18-04-2024,CART,ADDED TO CART,129.8
2856,244,16,25-11-2023,CART,ADDED TO CART,42.7
2857,94,9,21-02-2023,IMPRESSIONS,VIEWED,11.16
2858,241,5,14-12-2023,CLICK,CLICKED,26.67
2859,21,19,05-12-2024,IMPRESSIONS,VIEWED,33.5
2860,260,5,11-09-2023,CLICK,CLICKED,58.01
2861,40,6,13-04-2023,IMPRESSIONS,VIEWED,9.77
2862,235,17,12-02-2023,IMPRESSIONS,VIEWED,37.29
2863,26,3,10-04-2024,CHECKOUT,ABANDONED,
2864,150,2,06-10-2024,DROP-OFF,ABANDONED,
2865,78,12,17-04-2023,CLICK,CLICKED,28.37
2866,163,4,20-05-2024,IMPRESSIONS,VIEWED,41.21
2867,199,9,13-09-2023,IMPRESSIONS,VIEWED,11.54
2868,185,10,03-06-2023,IMPRESSIONS,VIEWED,20.08
2869,165,9,28-08-2024,CHECKOUT,ABANDONED,
2870,99,7,02-01-2023,CLICK,CLICKED,88.21
2871,151,10,29-03-2024,CHECKOUT,ABANDONED,
2872,157,17,15-06-2024,CLICK,CLICKED,35.32
2873,11,6,11-01-2023,DROP-OFF,ABANDONED,
2874,194,17,01-12-2024,IMPRESSIONS,VIEWED,36.52
2875,230,16,21-09-2023,CLICK,CLICKED,47.04
2876,108,6,04-09-2024,CART,ADDED TO CART,57.98
2877,95,15,24-05-2024,CLICK,CLICKED,83.4
2878,291,5,18-01-2023,IMPRESSIONS,VIEWED,26.71
2879,73,20,18-05-2023,IMPRESSIONS,VIEWED,11.04
2880,147,4,15-03-2023,IMPRESSIONS,VIEWED,6.68
2881,163,11,11-11-2024,CLICK,CLICKED,47.69
2882,238,5,23-10-2024,IMPRESSIONS,VIEWED,6.71
2883,194,3,10-12-2023,CLICK,CLICKED,22.28
2884,105,4,17-08-2023,CLICK,CLICKED,35.45
2885,274,8,22-12-2024,CHECKOUT,ABANDONED,
2886,43,6,05-06-2023,IMPRESSIONS,VIEWED,19.88
2887,152,17,09-11-2024,CHECKOUT,ABANDONED,
2888,191,18,07-06-2023,DROP-OFF,ABANDONED,
2889,214,18,26-05-2024,CHECKOUT,PURCHASED,272.88
2890,54,19,23-04-2023,CLICK,CLICKED,44.21
2891,157,5,20-11-2024,IMPRESSIONS,VIEWED,27.8
2892,258,16,28-03-2024,CLICK,CLICKED,77.39
2893,267,11,02-02-2024,CLICK,CLICKED,71.17
2894,61,20,21-03-2024,CART,ADDED TO CART,65.54
2895,93,4,17-09-2024,IMPRESSIONS,VIEWED,12.16
2896,99,6,18-01-2023,IMPRESSIONS,VIEWED,16.37
2897,130,18,11-08-2023,CART,ADDED TO CART,63.77
2898,249,17,04-08-2024,CART,ADDED TO CART,40.81
2899,229,5,21-02-2024,CLICK,CLICKED,63.88
2900,264,7,24-04-2023,CART,ADDED TO CART,36.84
2901,222,14,24-02-2024,IMPRESSIONS,VIEWED,7.5
2902,179,7,15-06-2023,CLICK,CLICKED,29.14
2903,50,1,26-11-2023,CLICK,CLICKED,35.26
2904,272,8,17-07-2024,CLICK,CLICKED,84.37
2905,88,19,18-09-2024,IMPRESSIONS,VIEWED,26.36
2906,222,6,13-04-2024,CART,ADDED TO CART,132.94
2907,91,18,31-07-2023,DROP-OFF,ABANDONED,
2908,198,7,08-08-2023,CART,ADDED TO CART,138.02
2909,43,17,11-12-2023,CLICK,CLICKED,44.82
2910,54,8,20-03-2024,CLICK,CLICKED,87.99
2911,98,5,10-11-2024,CLICK,CLICKED,82.51
2912,79,4,20-11-2024,CLICK,CLICKED,82.33
2913,237,20,06-03-2023,CLICK,CLICKED,45.45
2914,247,16,30-01-2024,IMPRESSIONS,VIEWED,35.22
2915,190,19,21-06-2023,IMPRESSIONS,VIEWED,14.89
2916,39,20,11-05-2023,CLICK,CLICKED,23.76
2917,258,4,27-12-2023,CHECKOUT,PURCHASED,192.79
2918,274,8,08-07-2024,CLICK,CLICKED,28.36
2919,9,5,19-12-2024,IMPRESSIONS,VIEWED,26.35
2920,88,20,29-12-2023,CLICK,CLICKED,39.28
2921,105,10,23-09-2024,CLICK,CLICKED,39.46
2922,140,14,05-10-2024,CLICK,CLICKED,81.49
2923,297,20,24-01-2023,IMPRESSIONS,VIEWED,35.59
2924,211,14,27-08-2024,CHECKOUT,PURCHASED,61.05
2925,225,19,25-09-2024,IMPRESSIONS,VIEWED,27.13
2926,235,10,03-12-2024,CLICK,CLICKED,66.42
2927,293,10,20-02-2024,IMPRESSIONS,VIEWED,9.5
2928,237,8,23-10-2023,CART,ADDED TO CART,54.75
2929,298,18,30-06-2024,IMPRESSIONS,VIEWED,36.06
2930,274,1,29-09-2023,IMPRESSIONS,VIEWED,31.52
2931,264,13,11-01-2023,IMPRESSIONS,VIEWED,38.43
2932,17,6,13-02-2024,IMPRESSIONS,VIEWED,20.87
2933,149,18,08-09-2024,CHECKOUT,ABANDONED,
2934,279,6,05-10-2023,CLICK,CLICKED,54.01
2935,114,1,23-07-2024,DROP-OFF,ABANDONED,
2936,285,7,12-11-2024,CART,ADDED TO CART,87.9
2937,277,18,31-08-2023,CLICK,CLICKED,77.51
2938,55,18,22-12-2023,IMPRESSIONS,VIEWED,10.98
2939,229,12,14-01-2023,IMPRESSIONS,VIEWED,32.19
2940,200,13,15-04-2023,CLICK,CLICKED,16.3
2941,184,13,27-10-2023,IMPRESSIONS,VIEWED,38.02
2942,278,10,18-03-2024,IMPRESSIONS,VIEWED,41.56
2943,10,4,27-06-2024,CLICK,CLICKED,17.34
2944,105,14,17-01-2024,CHECKOUT,ABANDONED,
2945,25,8,05-10-2023,CHECKOUT,ABANDONED,
2946,130,5,07-09-2024,CLICK,CLICKED,51.3
2947,176,14,26-07-2024,CHECKOUT,ABANDONED,
2948,192,6,05-11-2023,CHECKOUT,ABANDONED,
2949,73,5,30-04-2023,IMPRESSIONS,VIEWED,39.89
2950,71,11,11-03-2024,CART,ADDED TO CART,142.67
2951,93,4,15-09-2024,IMPRESSIONS,VIEWED,42.27
2952,151,15,31-01-2023,IMPRESSIONS,VIEWED,41.03
2953,156,18,23-10-2023,CLICK,CLICKED,59.8
2954,224,11,24-06-2023,IMPRESSIONS,VIEWED,17.5
2955,251,3,21-05-2023,IMPRESSIONS,VIEWED,9.07
2956,29,1,13-09-2023,IMPRESSIONS,VIEWED,42.22
2957,35,16,31-08-2023,DROP-OFF,ABANDONED,
2958,74,15,21-05-2024,IMPRESSIONS,VIEWED,29.7
2959,285,11,30-12-2024,CLICK,CLICKED,28.57
2960,157,6,28-11-2024,CART,ADDED TO CART,115.54
2961,161,4,20-02-2024,IMPRESSIONS,VIEWED,19.73
2962,44,15,10-03-2023,IMPRESSIONS,VIEWED,19.53
2963,48,9,03-04-2024,CLICK,CLICKED,32.27
2964,188,7,01-01-2024,CART,ADDED TO CART,82.6
2965,271,10,25-04-2023,CART,ADDED TO CART,44.29
2966,298,10,20-12-2024,CART,ADDED TO CART,53.93
2967,149,20,28-07-2023,IMPRESSIONS,VIEWED,25.42
2968,16,8,19-07-2023,IMPRESSIONS,VIEWED,8.33
2969,36,7,03-09-2023,CART,ADDED TO CART,81.25
2970,20,17,30-04-2024,CLICK,CLICKED,41.45
2971,90,16,10-07-2024,CLICK,CLICKED,77.04
2972,223,6,20-11-2023,CLICK,CLICKED,24.17
2973,157,14,01-12-2023,CART,ADDED TO CART,141.19
2974,116,16,08-06-2024,IMPRESSIONS,VIEWED,21.99
2975,245,7,27-10-2023,IMPRESSIONS,VIEWED,8.5
2976,246,15,23-01-2024,DROP-OFF,ABANDONED,
2977,204,19,08-03-2023,CHECKOUT,PURCHASED,98.52
2978,203,5,24-08-2024,CLICK,CLICKED,62.18
2979,221,9,16-12-2023,IMPRESSIONS,VIEWED,9.49
2980,273,20,21-07-2024,IMPRESSIONS,VIEWED,26.25
2981,120,11,17-06-2023,IMPRESSIONS,VIEWED,31.54
2982,149,10,24-06-2023,CLICK,CLICKED,70.21
2983,264,17,01-11-2023,CLICK,CLICKED,47.85
2984,288,12,17-05-2024,IMPRESSIONS,VIEWED,42.82
2985,57,19,22-02-2023,IMPRESSIONS,VIEWED,34.81
2986,237,18,15-09-2024,CLICK,CLICKED,37.44
2987,277,7,16-10-2024,CLICK,CLICKED,49.66
2988,169,19,25-06-2024,IMPRESSIONS,VIEWED,37.44
2989,137,7,11-03-2024,CLICK,CLICKED,88.65
2990,54,3,06-07-2023,CART,ADDED TO CART,55.19
2991,258,11,20-03-2024,CART,ADDED TO CART,123.04
2992,296,8,16-09-2024,CHECKOUT,PURCHASED,257.74
2993,41,9,11-12-2023,CLICK,CLICKED,77.5
2994,228,15,13-08-2024,IMPRESSIONS,VIEWED,27.41
2995,218,14,22-08-2024,IMPRESSIONS,VIEWED,30.12
2996,161,17,05-07-2024,CART,ADDED TO CART,145.34
2997,7,11,19-07-2023,IMPRESSIONS,VIEWED,34.85
2998,63,4,12-08-2024,IMPRESSIONS,VIEWED,14.94
2999,273,5,10-08-2024,CHECKOUT,PURCHASED,79.27
3000,162,12,05-05-2023,IMPRESSIONS,VIEWED,27.96
3001,272,11,01-07-2024,CART,ADDED TO CART,35.13
3002,168,2,19-05-2023,IMPRESSIONS,VIEWED,21.02
3003,176,17,23-05-2024,IMPRESSIONS,VIEWED,41.6
3004,41,7,07-12-2024,IMPRESSIONS,VIEWED,13.36
3005,124,20,03-03-2023,CLICK,CLICKED,88.16
3006,221,3,11-01-2024,CLICK,CLICKED,64.92
3007,45,11,31-01-2024,CART,ADDED TO CART,100.17
3008,291,6,01-01-2024,IMPRESSIONS,VIEWED,20.19
3009,127,13,26-11-2024,CLICK,CLICKED,50.37
3010,94,15,29-01-2023,DROP-OFF,ABANDONED,
3011,216,13,24-02-2024,IMPRESSIONS,VIEWED,12.08
3012,43,13,19-09-2023,IMPRESSIONS,VIEWED,6.4
3013,54,20,14-12-2024,CLICK,CLICKED,40.11
3014,154,14,29-09-2023,IMPRESSIONS,VIEWED,6.5
3015,287,18,02-01-2023,IMPRESSIONS,VIEWED,15.56
3016,250,14,02-08-2023,IMPRESSIONS,VIEWED,30.35
3017,139,15,29-04-2023,CLICK,CLICKED,74.57
3018,12,19,26-02-2024,CLICK,CLICKED,52.15
3019,134,20,03-10-2024,CHECKOUT,PURCHASED,190.27
3020,89,17,03-07-2024,CART,ADDED TO CART,142.62
3021,261,15,04-10-2023,CHECKOUT,ABANDONED,
3022,58,8,03-12-2023,CLICK,CLICKED,78.44
3023,64,15,30-09-2023,CHECKOUT,ABANDONED,
3024,218,18,27-07-2024,CHECKOUT,PURCHASED,238.18
3025,139,2,27-07-2023,IMPRESSIONS,VIEWED,25.29
3026,106,18,26-04-2024,IMPRESSIONS,VIEWED,34.29
3027,110,13,18-10-2023,CART,ADDED TO CART,31.67
3028,129,4,27-08-2023,CLICK,CLICKED,85.66
3029,179,7,08-06-2024,CART,ADDED TO CART,146.32
3030,96,18,11-05-2023,IMPRESSIONS,VIEWED,36.5
3031,21,9,11-03-2023,CLICK,CLICKED,82.08
3032,18,12,06-04-2024,CLICK,CLICKED,71.85
3033,34,1,27-02-2023,CLICK,CLICKED,22.48
3034,111,6,05-10-2023,IMPRESSIONS,VIEWED,7.38
3035,248,20,13-11-2023,IMPRESSIONS,VIEWED,35.03
3036,279,15,29-01-2023,CLICK,CLICKED,70.83
3037,131,19,21-02-2024,IMPRESSIONS,VIEWED,8.13
3038,254,10,28-05-2023,IMPRESSIONS,VIEWED,38.3
3039,110,6,05-03-2024,IMPRESSIONS,VIEWED,12.7
3040,196,17,17-03-2024,IMPRESSIONS,VIEWED,7.01
3041,7,5,13-07-2024,IMPRESSIONS,VIEWED,42.37
3042,78,2,02-02-2023,CLICK,CLICKED,81.99
3043,213,5,13-03-2023,CLICK,CLICKED,86.88
3044,299,1,11-01-2023,IMPRESSIONS,VIEWED,6.2
3045,50,16,07-09-2023,IMPRESSIONS,VIEWED,36.94
3046,111,20,17-04-2024,IMPRESSIONS,VIEWED,11.87
3047,48,4,29-07-2023,CLICK,CLICKED,70.74
3048,242,3,01-11-2024,IMPRESSIONS,VIEWED,9.8
3049,130,11,27-12-2024,CART,ADDED TO CART,125.08
3050,254,4,06-08-2024,IMPRESSIONS,VIEWED,38.37
3051,233,9,10-11-2023,IMPRESSIONS,VIEWED,38.0
3052,155,10,15-05-2023,IMPRESSIONS,VIEWED,30.92
3053,8,5,17-12-2023,IMPRESSIONS,VIEWED,10.68
3054,9,19,06-10-2023,IMPRESSIONS,VIEWED,40.33
3055,193,20,24-01-2023,IMPRESSIONS,VIEWED,30.66
3056,181,11,07-04-2023,IMPRESSIONS,VIEWED,21.36
3057,239,20,04-11-2023,CART,ADDED TO CART,146.46
3058,69,9,20-12-2023,CART,ADDED TO CART,100.12
3059,180,4,27-01-2024,IMPRESSIONS,VIEWED,28.0
3060,57,11,03-07-2024,CLICK,CLICKED,75.41
3061,277,13,20-12-2024,IMPRESSIONS,VIEWED,24.16
3062,220,17,21-11-2024,IMPRESSIONS,VIEWED,20.17
3063,31,1,27-05-2024,CLICK,CLICKED,34.41
3064,262,8,24-03-2024,CART,ADDED TO CART,147.21
3065,57,19,03-02-2023,CLICK,CLICKED,47.79
3066,23,2,18-02-2024,CLICK,CLICKED,60.59
3067,66,7,30-11-2023,CHECKOUT,PURCHASED,182.78
3068,262,14,04-10-2023,IMPRESSIONS,VIEWED,9.69
3069,294,17,25-02-2024,IMPRESSIONS,VIEWED,10.92
3070,5,6,09-03-2023,CHECKOUT,PURCHASED,234.59
3071,252,5,15-01-2023,IMPRESSIONS,VIEWED,40.15
3072,112,1,04-03-2023,IMPRESSIONS,VIEWED,36.73
3073,207,15,03-09-2023,CLICK,CLICKED,53.71
3074,293,19,03-04-2023,IMPRESSIONS,VIEWED,36.93
3075,12,19,05-04-2023,IMPRESSIONS,VIEWED,10.55
3076,254,7,12-04-2024,CART,ADDED TO CART,118.8
3077,23,13,10-01-2023,CLICK,CLICKED,55.75
3078,43,18,11-03-2024,CLICK,CLICKED,33.37
3079,26,1,03-09-2024,CART,ADDED TO CART,112.12
3080,128,14,02-05-2023,DROP-OFF,ABANDONED,
3081,126,15,26-03-2023,DROP-OFF,ABANDONED,
3082,44,11,05-04-2023,CLICK,CLICKED,39.73
3083,73,19,13-11-2023,IMPRESSIONS,VIEWED,30.44
3084,7,3,07-01-2024,IMPRESSIONS,VIEWED,21.51
3085,16,15,26-11-2023,IMPRESSIONS,VIEWED,28.28
3086,140,13,18-03-2024,IMPRESSIONS,VIEWED,7.34
3087,71,9,21-10-2024,CART,ADDED TO CART,114.76
3088,277,3,06-12-2024,CLICK,CLICKED,53.5
3089,148,1,02-06-2023,CHECKOUT,PURCHASED,80.89
3090,272,12,27-05-2024,CHECKOUT,ABANDONED,
3091,135,11,20-05-2023,CLICK,CLICKED,45.87
3092,82,8,19-12-2023,CHECKOUT,PURCHASED,47.15
3093,45,6,26-09-2024,IMPRESSIONS,VIEWED,9.29
3094,60,14,13-03-2023,CLICK,CLICKED,57.33
3095,147,13,28-04-2023,CHECKOUT,ABANDONED,
3096,238,20,27-06-2023,IMPRESSIONS,VIEWED,21.34
3097,28,3,11-05-2023,CLICK,CLICKED,21.5
3098,46,6,25-07-2023,CHECKOUT,PURCHASED,189.79
3099,219,3,26-12-2023,IMPRESSIONS,VIEWED,42.86
3100,192,1,24-05-2024,CART,ADDED TO CART,120.17
3101,115,9,16-11-2023,IMPRESSIONS,VIEWED,31.2
3102,74,15,05-03-2024,CHECKOUT,PURCHASED,142.62
3103,13,4,28-09-2024,IMPRESSIONS,VIEWED,19.64
3104,105,10,18-05-2024,CART,ADDED TO CART,58.19
3105,286,14,27-03-2023,CLICK,CLICKED,27.24
3106,163,4,26-11-2024,IMPRESSIONS,VIEWED,20.77
3107,2,17,06-02-2024,CART,ADDED TO CART,142.19
3108,205,5,14-05-2023,IMPRESSIONS,VIEWED,40.35
3109,210,18,28-03-2024,CLICK,CLICKED,50.5
3110,42,6,15-08-2024,IMPRESSIONS,VIEWED,5.6
3111,212,4,06-06-2024,IMPRESSIONS,VIEWED,43.94
3112,65,8,17-11-2023,CHECKOUT,ABANDONED,
3113,158,2,11-11-2023,CART,ADDED TO CART,95.72
3114,57,5,30-03-2023,IMPRESSIONS,VIEWED,29.18
3115,183,6,01-01-2024,IMPRESSIONS,VIEWED,43.8
3116,142,10,20-10-2024,CART,ADDED TO CART,42.13
3117,253,7,13-07-2024,CLICK,CLICKED,33.68
3118,220,8,11-11-2023,IMPRESSIONS,VIEWED,33.96
3119,271,17,11-10-2023,CLICK,CLICKED,89.48
3120,208,9,19-01-2023,IMPRESSIONS,VIEWED,44.72
3121,94,3,14-06-2023,CART,ADDED TO CART,67.32
3122,143,3,10-07-2023,IMPRESSIONS,VIEWED,33.33
3123,27,10,17-09-2024,CART,ADDED TO CART,30.5
3124,123,16,26-05-2023,IMPRESSIONS,VIEWED,44.5
3125,104,6,05-03-2023,CHECKOUT,PURCHASED,71.78
3126,229,18,29-08-2024,CLICK,CLICKED,21.71
3127,142,2,14-01-2023,IMPRESSIONS,VIEWED,14.63
3128,255,4,26-08-2024,CART,ADDED TO CART,35.47
3129,54,13,09-06-2023,CART,ADDED TO CART,112.05
3130,27,17,22-09-2023,IMPRESSIONS,VIEWED,37.86
3131,169,12,10-01-2023,CLICK,CLICKED,86.87
3132,175,8,12-12-2023,CLICK,CLICKED,50.44
3133,86,18,25-06-2024,CLICK,CLICKED,50.38
3134,240,20,27-02-2023,CLICK,CLICKED,85.91
3135,55,14,29-01-2023,CLICK,CLICKED,88.2
3136,80,5,27-07-2023,CLICK,CLICKED,51.08
3137,62,18,22-07-2023,CLICK,CLICKED,48.56
3138,215,18,19-04-2023,CHECKOUT,ABANDONED,
3139,94,10,14-07-2024,IMPRESSIONS,VIEWED,23.62
3140,257,2,16-01-2023,IMPRESSIONS,VIEWED,12.77
3141,70,7,09-02-2024,CHECKOUT,PURCHASED,292.42
3142,63,13,22-08-2024,IMPRESSIONS,VIEWED,27.06
3143,234,9,12-02-2024,CLICK,CLICKED,75.06
3144,183,3,23-03-2024,CLICK,CLICKED,58.35
3145,187,5,02-04-2023,IMPRESSIONS,VIEWED,40.79
3146,75,13,16-03-2023,IMPRESSIONS,VIEWED,12.9
3147,24,17,22-09-2023,CHECKOUT,ABANDONED,
3148,145,7,20-12-2024,CART,ADDED TO CART,104.4
3149,114,19,21-05-2023,IMPRESSIONS,VIEWED,13.82
3150,6,10,20-04-2023,CART,ADDED TO CART,127.69
3151,162,8,17-02-2023,IMPRESSIONS,VIEWED,20.08
3152,187,18,02-02-2024,CLICK,CLICKED,32.33
3153,169,8,14-11-2023,CLICK,CLICKED,39.44
3154,61,9,25-05-2024,IMPRESSIONS,VIEWED,25.22
3155,300,14,06-05-2023,IMPRESSIONS,VIEWED,17.84
3156,57,5,13-07-2024,CART,ADDED TO CART,138.91
3157,169,4,18-05-2023,IMPRESSIONS,VIEWED,25.27
3158,175,12,23-09-2023,IMPRESSIONS,VIEWED,11.43
3159,197,1,07-06-2023,IMPRESSIONS,VIEWED,35.34
3160,190,9,08-03-2024,CART,ADDED TO CART,46.96
3161,184,3,28-03-2024,IMPRESSIONS,VIEWED,7.45
3162,257,15,06-05-2023,IMPRESSIONS,VIEWED,26.26
3163,118,16,11-11-2024,CART,ADDED TO CART,41.72
3164,163,10,22-08-2023,CLICK,CLICKED,37.24
3165,38,10,30-05-2024,CART,ADDED TO CART,110.61
3166,197,2,15-06-2023,CLICK,CLICKED,72.79
3167,202,17,17-02-2024,CHECKOUT,PURCHASED,92.41
3168,265,10,16-02-2023,IMPRESSIONS,VIEWED,10.44
3169,229,13,30-11-2024,IMPRESSIONS,VIEWED,39.39
3170,106,11,02-08-2023,CART,ADDED TO CART,87.11
3171,71,12,10-09-2024,IMPRESSIONS,VIEWED,29.3
3172,209,1,27-09-2023,CLICK,CLICKED,28.23
3173,172,12,29-08-2023,IMPRESSIONS,VIEWED,32.49
3174,75,16,24-07-2023,CLICK,CLICKED,59.71
3175,231,14,21-09-2023,CART,ADDED TO CART,53.02
3176,165,14,06-04-2024,IMPRESSIONS,VIEWED,24.99
3177,174,12,18-09-2023,IMPRESSIONS,VIEWED,14.65
3178,270,9,31-05-2023,CART,ADDED TO CART,55.21
3179,207,5,11-04-2024,CART,ADDED TO CART,37.16
3180,91,6,20-10-2024,IMPRESSIONS,VIEWED,35.46
3181,238,12,28-10-2024,CHECKOUT,ABANDONED,
3182,62,16,20-04-2023,IMPRESSIONS,VIEWED,11.3
3183,279,12,27-04-2023,IMPRESSIONS,VIEWED,6.3
3184,90,4,11-03-2024,CHECKOUT,PURCHASED,97.87
3185,92,6,31-01-2023,DROP-OFF,ABANDONED,
3186,212,19,16-07-2024,IMPRESSIONS,VIEWED,32.14
3187,138,16,21-03-2023,IMPRESSIONS,VIEWED,23.02
3188,10,7,24-03-2023,IMPRESSIONS,VIEWED,40.48
3189,21,11,02-12-2024,IMPRESSIONS,VIEWED,28.33
3190,107,6,28-02-2024,CART,ADDED TO CART,60.46
3191,144,13,14-08-2024,IMPRESSIONS,VIEWED,11.4
3192,143,15,19-03-2024,CHECKOUT,PURCHASED,182.68
3193,289,2,12-02-2024,CART,ADDED TO CART,61.21
3194,81,12,22-09-2024,CART,ADDED TO CART,43.05
3195,113,20,19-08-2023,IMPRESSIONS,VIEWED,12.21
3196,45,6,09-08-2024,IMPRESSIONS,VIEWED,18.92
3197,25,10,30-07-2024,CART,ADDED TO CART,45.05
3198,221,14,08-04-2024,IMPRESSIONS,VIEWED,23.14
3199,86,18,21-10-2024,IMPRESSIONS,VIEWED,15.59
3200,192,1,08-04-2024,CART,ADDED TO CART,66.16
3201,2,14,22-05-2024,CHECKOUT,PURCHASED,260.85
3202,12,6,15-02-2023,CLICK,CLICKED,59.63
3203,85,6,21-03-2023,CHECKOUT,ABANDONED,
3204,122,20,03-02-2023,IMPRESSIONS,VIEWED,11.93
3205,81,12,17-07-2023,IMPRESSIONS,VIEWED,43.3
3206,126,12,10-03-2023,IMPRESSIONS,VIEWED,18.76
3207,31,4,25-09-2024,CHECKOUT,ABANDONED,
3208,173,10,03-12-2023,CART,ADDED TO CART,57.12
3209,208,19,31-05-2024,CART,ADDED TO CART,113.42
3210,107,20,18-07-2023,CART,ADDED TO CART,53.13
3211,84,10,10-09-2023,IMPRESSIONS,VIEWED,10.29
3212,276,1,22-12-2023,CLICK,CLICKED,24.47
3213,138,9,03-04-2023,IMPRESSIONS,VIEWED,36.2
3214,202,11,18-09-2024,CLICK,CLICKED,23.84
3215,125,16,16-02-2024,IMPRESSIONS,VIEWED,17.36
3216,191,9,13-06-2023,IMPRESSIONS,VIEWED,12.29
3217,138,3,02-08-2024,IMPRESSIONS,VIEWED,29.89
3218,51,19,16-05-2023,IMPRESSIONS,VIEWED,33.12
3219,52,16,17-01-2024,IMPRESSIONS,VIEWED,42.77
3220,141,16,23-11-2023,IMPRESSIONS,VIEWED,20.32
3221,73,1,27-09-2024,IMPRESSIONS,VIEWED,6.06
3222,293,19,12-06-2023,CLICK,CLICKED,80.59
3223,139,2,15-07-2023,IMPRESSIONS,VIEWED,19.15
3224,118,11,30-12-2023,IMPRESSIONS,VIEWED,13.4
3225,72,4,18-08-2024,CLICK,CLICKED,64.96
3226,26,17,28-03-2024,CLICK,CLICKED,34.57
3227,65,12,10-12-2024,CART,ADDED TO CART,48.4
3228,48,17,12-07-2024,IMPRESSIONS,VIEWED,33.02
3229,277,4,27-08-2024,IMPRESSIONS,VIEWED,35.87
3230,248,16,12-02-2023,IMPRESSIONS,VIEWED,43.47
3231,121,6,26-08-2024,CLICK,CLICKED,22.15
3232,30,6,15-12-2023,CLICK,CLICKED,35.62
3233,267,11,13-10-2024,CLICK,CLICKED,77.22
3234,278,6,25-11-2023,CLICK,CLICKED,45.34
3235,89,1,04-06-2024,IMPRESSIONS,VIEWED,31.34
3236,87,12,09-11-2023,DROP-OFF,ABANDONED,
3237,164,12,24-03-2023,CART,ADDED TO CART,50.25
3238,82,6,07-07-2023,CHECKOUT,ABANDONED,
3239,55,18,07-07-2023,IMPRESSIONS,VIEWED,35.28
3240,154,15,26-06-2023,CLICK,CLICKED,81.06
3241,7,3,23-06-2023,CART,ADDED TO CART,140.65
3242,45,10,06-08-2024,CLICK,CLICKED,60.41
3243,214,13,24-06-2023,CART,ADDED TO CART,34.77
3244,210,13,01-01-2023,IMPRESSIONS,VIEWED,43.51
3245,185,14,18-07-2023,IMPRESSIONS,VIEWED,30.88
3246,10,8,21-09-2024,IMPRESSIONS,VIEWED,14.82
3247,103,18,26-09-2024,IMPRESSIONS,VIEWED,38.45
3248,48,3,29-08-2024,IMPRESSIONS,VIEWED,21.79
3249,11,17,28-05-2023,CLICK,CLICKED,45.0
3250,205,4,02-12-2024,CART,ADDED TO CART,86.88
3251,224,5,05-02-2024,IMPRESSIONS,VIEWED,5.59
3252,167,8,19-04-2024,IMPRESSIONS,VIEWED,8.61
3253,218,5,17-08-2023,CLICK,CLICKED,73.99
3254,59,1,20-10-2024,DROP-OFF,ABANDONED,
3255,133,10,30-12-2024,IMPRESSIONS,VIEWED,10.49
3256,103,4,03-02-2024,IMPRESSIONS,VIEWED,41.62
3257,101,15,02-07-2023,CLICK,CLICKED,50.75
3258,216,2,08-03-2024,CHECKOUT,ABANDONED,
3259,129,20,27-10-2023,IMPRESSIONS,VIEWED,40.2
3260,36,16,02-12-2023,CHECKOUT,ABANDONED,
3261,262,18,27-03-2024,IMPRESSIONS,VIEWED,29.79
3262,290,7,26-06-2023,IMPRESSIONS,VIEWED,40.29
3263,147,18,13-08-2023,IMPRESSIONS,VIEWED,8.11
3264,255,6,13-08-2023,IMPRESSIONS,VIEWED,36.85
3265,257,13,09-08-2024,IMPRESSIONS,VIEWED,19.36
3266,151,18,14-01-2024,CART,ADDED TO CART,131.05
3267,71,14,26-07-2024,CLICK,CLICKED,27.97
3268,265,14,24-12-2024,IMPRESSIONS,VIEWED,28.82
3269,117,17,12-12-2023,CLICK,CLICKED,70.64
3270,138,6,04-04-2023,IMPRESSIONS,VIEWED,17.85
3271,9,2,18-08-2024,CART,ADDED TO CART,94.04
3272,135,14,21-02-2023,IMPRESSIONS,VIEWED,16.74
3273,234,17,19-06-2024,IMPRESSIONS,VIEWED,7.05
3274,193,3,09-07-2024,CART,ADDED TO CART,135.42
3275,132,14,23-04-2024,IMPRESSIONS,VIEWED,21.17
3276,35,12,05-11-2024,IMPRESSIONS,VIEWED,37.66
3277,293,2,03-03-2023,IMPRESSIONS,VIEWED,28.07
3278,57,1,13-06-2024,IMPRESSIONS,VIEWED,30.99
3279,288,13,21-01-2023,IMPRESSIONS,VIEWED,21.48
3280,220,2,12-12-2023,CHECKOUT,ABANDONED,
3281,127,15,01-10-2023,DROP-OFF,ABANDONED,
3282,261,8,05-08-2023,IMPRESSIONS,VIEWED,31.63
3283,12,13,27-04-2024,CLICK,CLICKED,28.73
3284,94,14,25-02-2024,CHECKOUT,ABANDONED,
3285,295,9,25-03-2023,CLICK,CLICKED,39.68
3286,258,11,23-11-2024,CLICK,CLICKED,50.3
3287,106,19,29-02-2024,IMPRESSIONS,VIEWED,44.5
3288,13,11,14-10-2024,IMPRESSIONS,VIEWED,27.84
3289,72,4,12-12-2024,CLICK,CLICKED,72.37
3290,40,18,16-02-2024,CLICK,CLICKED,45.54
3291,106,6,04-03-2023,CART,ADDED TO CART,121.56
3292,296,1,30-04-2024,IMPRESSIONS,VIEWED,31.92
3293,291,18,13-06-2023,CLICK,CLICKED,67.68
3294,105,8,19-04-2024,IMPRESSIONS,VIEWED,37.89
3295,158,20,26-09-2023,IMPRESSIONS,VIEWED,6.21
3296,275,8,31-03-2023,CLICK,CLICKED,37.69
3297,10,4,17-10-2023,IMPRESSIONS,VIEWED,6.07
3298,195,20,03-07-2023,IMPRESSIONS,VIEWED,12.59
3299,189,9,13-09-2024,CLICK,CLICKED,57.11
3300,263,9,05-11-2024,CART,ADDED TO CART,113.68
3301,39,15,05-07-2024,IMPRESSIONS,VIEWED,20.45
3302,193,9,10-11-2024,IMPRESSIONS,VIEWED,40.32
3303,271,19,23-02-2023,IMPRESSIONS,VIEWED,41.05
3304,262,3,03-12-2023,IMPRESSIONS,VIEWED,9.58
3305,28,20,09-06-2023,IMPRESSIONS,VIEWED,22.85
3306,25,7,01-02-2023,CLICK,CLICKED,49.07
3307,206,5,25-06-2024,IMPRESSIONS,VIEWED,31.05
3308,152,10,23-06-2024,IMPRESSIONS,VIEWED,23.31
3309,265,17,06-11-2024,CLICK,CLICKED,63.12
3310,240,9,01-04-2023,IMPRESSIONS,VIEWED,42.48
3311,58,20,30-01-2024,CHECKOUT,ABANDONED,
3312,242,13,06-02-2024,IMPRESSIONS,VIEWED,38.63
3313,123,20,03-05-2023,CLICK,CLICKED,29.6
3314,136,9,03-10-2023,IMPRESSIONS,VIEWED,30.68
3315,172,17,27-11-2024,CART,ADDED TO CART,138.0
3316,42,6,12-01-2023,CART,ADDED TO CART,127.26
3317,74,10,16-06-2023,CLICK,CLICKED,45.59
3318,10,19,03-04-2023,CHECKOUT,ABANDONED,
3319,115,15,08-01-2024,IMPRESSIONS,VIEWED,27.8
3320,208,2,13-09-2023,CLICK,CLICKED,24.89
3321,151,8,20-01-2024,IMPRESSIONS,VIEWED,19.08
3322,114,14,19-09-2023,CLICK,CLICKED,74.23
3323,143,1,06-09-2023,DROP-OFF,ABANDONED,
3324,140,17,13-07-2024,IMPRESSIONS,VIEWED,44.92
3325,128,17,14-01-2024,IMPRESSIONS,VIEWED,11.09
3326,102,5,25-08-2023,IMPRESSIONS,VIEWED,37.27
3327,271,14,18-10-2023,CLICK,CLICKED,58.61
3328,291,16,13-11-2024,CHECKOUT,ABANDONED,
3329,26,9,10-07-2023,CLICK,CLICKED,27.43
3330,211,19,26-09-2024,IMPRESSIONS,VIEWED,20.93
3331,233,19,20-08-2024,IMPRESSIONS,VIEWED,20.08
3332,80,19,09-09-2024,CART,ADDED TO CART,55.84
3333,284,16,14-02-2024,CLICK,CLICKED,48.82
3334,96,12,20-03-2024,IMPRESSIONS,VIEWED,15.19
3335,89,2,19-06-2024,CHECKOUT,ABANDONED,
3336,127,4,02-12-2023,IMPRESSIONS,VIEWED,11.19
3337,65,13,11-01-2023,IMPRESSIONS,VIEWED,16.9
3338,239,13,31-05-2023,CART,ADDED TO CART,144.79
3339,157,8,04-02-2023,DROP-OFF,ABANDONED,
3340,289,3,11-08-2023,IMPRESSIONS,VIEWED,25.66
3341,295,16,26-11-2023,IMPRESSIONS,VIEWED,6.33
3342,277,14,21-10-2024,IMPRESSIONS,VIEWED,11.39
3343,70,10,12-01-2023,IMPRESSIONS,VIEWED,25.74
3344,120,11,26-08-2023,IMPRESSIONS,VIEWED,22.12
3345,53,20,25-09-2023,CLICK,CLICKED,83.65
3346,292,18,04-02-2023,CLICK,CLICKED,55.05
3347,3,3,30-04-2024,CLICK,CLICKED,48.64
3348,210,14,13-04-2023,CHECKOUT,ABANDONED,
3349,293,11,06-05-2024,IMPRESSIONS,VIEWED,17.38
3350,158,16,21-09-2023,IMPRESSIONS,VIEWED,14.02
3351,38,7,08-05-2024,CLICK,CLICKED,22.27
3352,27,16,16-05-2024,CLICK,CLICKED,52.22
3353,180,2,20-08-2023,IMPRESSIONS,VIEWED,10.86
3354,171,20,20-08-2024,CLICK,CLICKED,53.67
3355,100,7,15-04-2024,IMPRESSIONS,VIEWED,37.41
3356,159,9,04-04-2024,IMPRESSIONS,VIEWED,24.74
3357,14,15,01-07-2024,IMPRESSIONS,VIEWED,17.61
3358,34,1,09-12-2024,CART,ADDED TO CART,68.56
3359,37,16,06-10-2024,IMPRESSIONS,VIEWED,24.33
3360,123,6,05-07-2024,CLICK,CLICKED,41.38
3361,99,9,07-02-2023,CLICK,CLICKED,53.17
3362,177,12,11-07-2024,CART,ADDED TO CART,68.52
3363,232,9,05-10-2023,CLICK,CLICKED,33.67
3364,60,13,18-02-2023,CLICK,CLICKED,18.79
3365,6,19,09-09-2023,CHECKOUT,ABANDONED,
3366,160,11,16-11-2023,IMPRESSIONS,VIEWED,44.78
3367,128,20,29-12-2024,CLICK,CLICKED,75.32
3368,13,7,25-08-2024,IMPRESSIONS,VIEWED,14.54
3369,191,18,21-07-2024,IMPRESSIONS,VIEWED,31.4
3370,274,18,13-01-2023,IMPRESSIONS,VIEWED,29.32
3371,174,3,27-01-2024,IMPRESSIONS,VIEWED,39.68
3372,122,11,03-03-2024,IMPRESSIONS,VIEWED,29.2
3373,240,10,27-09-2023,DROP-OFF,ABANDONED,
3374,260,2,18-03-2024,CLICK,CLICKED,59.74
3375,22,4,05-09-2024,CLICK,CLICKED,79.92
3376,41,3,24-07-2023,CLICK,CLICKED,43.39
3377,50,11,04-07-2024,IMPRESSIONS,VIEWED,18.72
3378,205,8,10-07-2023,CLICK,CLICKED,17.43
3379,233,6,31-05-2023,IMPRESSIONS,VIEWED,32.12
3380,244,16,07-10-2023,IMPRESSIONS,VIEWED,24.21
3381,30,18,26-11-2024,CHECKOUT,ABANDONED,
3382,101,3,30-03-2024,CART,ADDED TO CART,76.85
3383,38,20,09-08-2024,IMPRESSIONS,VIEWED,21.85
3384,249,13,22-02-2024,IMPRESSIONS,VIEWED,14.93
3385,296,13,03-01-2023,IMPRESSIONS,VIEWED,34.96
3386,38,18,05-11-2023,IMPRESSIONS,VIEWED,37.52
3387,230,1,10-08-2023,DROP-OFF,ABANDONED,
3388,206,2,05-12-2023,CHECKOUT,ABANDONED,
3389,202,8,12-02-2023,IMPRESSIONS,VIEWED,38.17
3390,190,2,13-05-2023,CART,ADDED TO CART,107.64
3391,220,9,09-01-2023,CLICK,CLICKED,79.47
3392,23,19,02-05-2023,CHECKOUT,PURCHASED,250.4
3393,122,1,27-05-2023,IMPRESSIONS,VIEWED,18.56
3394,103,15,15-01-2024,CLICK,CLICKED,79.31
3395,295,6,06-02-2024,IMPRESSIONS,VIEWED,10.32
3396,238,12,19-05-2024,DROP-OFF,ABANDONED,
3397,165,9,07-10-2023,CHECKOUT,PURCHASED,56.18
3398,147,18,11-09-2024,IMPRESSIONS,VIEWED,14.01
3399,47,4,24-07-2024,IMPRESSIONS,VIEWED,18.91
3400,180,17,05-08-2023,IMPRESSIONS,VIEWED,20.93
3401,208,6,21-06-2023,CLICK,CLICKED,24.25
3402,254,2,19-11-2023,CLICK,CLICKED,32.61
3403,210,4,06-03-2024,CART,ADDED TO CART,95.01
3404,16,15,11-01-2023,IMPRESSIONS,VIEWED,41.07
3405,208,1,15-05-2023,IMPRESSIONS,VIEWED,25.16
3406,14,3,19-01-2024,CHECKOUT,PURCHASED,62.3
3407,118,3,09-03-2024,CLICK,CLICKED,46.74
3408,178,17,26-03-2024,CLICK,CLICKED,28.44
3409,155,3,03-08-2023,IMPRESSIONS,VIEWED,22.69
3410,136,2,27-12-2024,IMPRESSIONS,VIEWED,13.55
3411,164,15,20-08-2024,IMPRESSIONS,VIEWED,27.91
3412,41,17,14-10-2024,CLICK,CLICKED,87.33
3413,154,13,17-08-2024,IMPRESSIONS,VIEWED,40.41
3414,284,8,19-07-2023,DROP-OFF,ABANDONED,
3415,254,9,04-10-2024,CLICK,CLICKED,56.02
3416,4,12,04-12-2024,CLICK,CLICKED,89.54
3417,245,16,01-04-2023,CLICK,CLICKED,75.43
3418,52,19,10-07-2023,IMPRESSIONS,VIEWED,24.55
3419,112,7,28-05-2023,CLICK,CLICKED,73.96
3420,69,7,02-08-2024,CHECKOUT,PURCHASED,118.72
3421,21,6,28-07-2024,CHECKOUT,ABANDONED,
3422,123,6,09-02-2024,CHECKOUT,ABANDONED,
3423,193,20,30-08-2024,CLICK,CLICKED,47.95
3424,122,20,27-12-2024,IMPRESSIONS,VIEWED,6.87
3425,123,6,23-01-2023,CLICK,CLICKED,19.89
3426,97,8,29-06-2023,CLICK,CLICKED,30.93
3427,153,16,06-11-2024,IMPRESSIONS,VIEWED,36.99
3428,248,11,25-11-2023,CHECKOUT,ABANDONED,
3429,138,11,10-05-2023,CHECKOUT,ABANDONED,
3430,227,11,22-03-2024,CLICK,CLICKED,56.33
3431,114,4,31-01-2023,IMPRESSIONS,VIEWED,44.39
3432,110,5,08-07-2023,CART,ADDED TO CART,149.15
3433,78,5,19-05-2024,IMPRESSIONS,VIEWED,13.15
3434,39,14,02-06-2024,CLICK,CLICKED,45.14
3435,153,16,29-01-2023,CHECKOUT,ABANDONED,
3436,2,7,25-07-2024,IMPRESSIONS,VIEWED,36.9
3437,172,20,17-11-2023,IMPRESSIONS,VIEWED,30.21
3438,44,2,17-10-2024,CLICK,CLICKED,24.92
3439,254,9,19-01-2023,CLICK,CLICKED,73.61
3440,188,17,21-06-2023,IMPRESSIONS,VIEWED,19.85
3441,2,14,13-06-2023,IMPRESSIONS,VIEWED,33.26
3442,98,17,09-11-2024,CHECKOUT,PURCHASED,270.17
3443,135,14,14-03-2023,IMPRESSIONS,VIEWED,17.6
3444,249,19,02-08-2023,IMPRESSIONS,VIEWED,34.94
3445,278,9,04-09-2024,CART,ADDED TO CART,101.85
3446,260,14,05-02-2023,CLICK,CLICKED,16.07
3447,145,20,20-12-2024,CART,ADDED TO CART,47.15
3448,214,14,31-10-2023,IMPRESSIONS,VIEWED,44.01
3449,132,13,14-04-2023,IMPRESSIONS,VIEWED,31.42
3450,54,11,22-09-2024,IMPRESSIONS,VIEWED,15.06
3451,3,3,06-07-2023,CLICK,CLICKED,25.31
3452,99,19,27-06-2024,CLICK,CLICKED,37.51
3453,83,11,12-02-2024,CLICK,CLICKED,78.54
3454,257,17,25-05-2023,CHECKOUT,ABANDONED,
3455,105,15,22-06-2024,CLICK,CLICKED,39.74
3456,280,10,11-03-2023,IMPRESSIONS,VIEWED,32.9
3457,103,9,12-08-2024,CLICK,CLICKED,50.07
3458,295,20,03-07-2024,CHECKOUT,PURCHASED,144.81
3459,167,17,14-03-2024,CLICK,CLICKED,29.46
3460,278,8,04-01-2023,CHECKOUT,ABANDONED,
3461,79,7,09-02-2024,CART,ADDED TO CART,130.73
3462,31,19,25-05-2023,IMPRESSIONS,VIEWED,10.3
3463,51,14,27-11-2023,IMPRESSIONS,VIEWED,32.38
3464,209,9,05-12-2023,CLICK,CLICKED,39.58
3465,184,16,27-12-2023,IMPRESSIONS,VIEWED,23.81
3466,141,1,08-01-2023,IMPRESSIONS,VIEWED,25.84
3467,213,17,16-05-2023,IMPRESSIONS,VIEWED,7.85
3468,196,12,19-09-2023,IMPRESSIONS,VIEWED,40.67
3469,155,9,12-03-2023,CART,ADDED TO CART,141.95
3470,3,5,26-07-2023,IMPRESSIONS,VIEWED,5.68
3471,120,11,26-04-2024,DROP-OFF,ABANDONED,
3472,33,15,21-01-2023,CHECKOUT,PURCHASED,94.47
3473,153,9,07-06-2023,DROP-OFF,ABANDONED,
3474,211,2,27-06-2023,IMPRESSIONS,VIEWED,26.62
3475,274,8,01-02-2023,CHECKOUT,PURCHASED,235.41
3476,109,9,15-11-2024,CLICK,CLICKED,76.78
3477,244,20,11-05-2024,DROP-OFF,ABANDONED,
3478,250,5,07-10-2023,IMPRESSIONS,VIEWED,9.38
3479,186,13,16-09-2024,IMPRESSIONS,VIEWED,17.71
3480,22,15,29-07-2023,IMPRESSIONS,VIEWED,16.97
3481,261,1,09-08-2024,IMPRESSIONS,VIEWED,32.07
3482,173,19,05-10-2024,CART,ADDED TO CART,46.84
3483,222,1,22-06-2023,CLICK,CLICKED,26.04
3484,23,8,03-04-2023,IMPRESSIONS,VIEWED,25.82
3485,9,15,15-07-2023,CART,ADDED TO CART,34.9
3486,50,19,26-03-2024,CLICK,CLICKED,54.94
3487,236,12,16-09-2024,IMPRESSIONS,VIEWED,7.67
3488,218,9,04-12-2024,CLICK,CLICKED,15.28
3489,268,5,12-09-2024,IMPRESSIONS,VIEWED,9.24
3490,216,6,08-09-2023,CLICK,CLICKED,87.83
3491,220,1,20-10-2024,IMPRESSIONS,VIEWED,11.63
3492,216,16,27-10-2023,CHECKOUT,ABANDONED,
3493,51,15,17-07-2023,CLICK,CLICKED,28.63
3494,110,3,16-01-2024,IMPRESSIONS,VIEWED,26.64
3495,77,10,31-05-2023,CHECKOUT,ABANDONED,
3496,175,19,16-11-2023,IMPRESSIONS,VIEWED,42.11
3497,121,5,16-04-2024,CART,ADDED TO CART,108.45
3498,61,15,01-10-2024,CLICK,CLICKED,81.29
3499,117,16,26-11-2024,CART,ADDED TO CART,34.31
3500,220,11,07-10-2023,DROP-OFF,ABANDONED,
3501,278,15,26-02-2023,CLICK,CLICKED,88.83
3502,298,11,21-12-2024,IMPRESSIONS,VIEWED,24.86
3503,161,7,30-08-2024,CLICK,CLICKED,71.17
3504,237,17,09-03-2023,IMPRESSIONS,VIEWED,24.76
3505,30,18,17-08-2024,IMPRESSIONS,VIEWED,21.2
3506,282,7,01-06-2024,IMPRESSIONS,VIEWED,13.21
3507,12,5,18-01-2023,CLICK,CLICKED,26.32
3508,205,4,04-07-2023,IMPRESSIONS,VIEWED,34.53
3509,281,18,13-04-2023,IMPRESSIONS,VIEWED,25.43
3510,69,1,26-10-2024,CART,ADDED TO CART,139.85
3511,199,20,07-02-2023,CHECKOUT,ABANDONED,
3512,233,19,16-05-2023,IMPRESSIONS,VIEWED,20.5
3513,119,8,09-10-2023,DROP-OFF,ABANDONED,
3514,224,10,14-09-2024,CHECKOUT,ABANDONED,
3515,125,11,15-02-2023,IMPRESSIONS,VIEWED,25.44
3516,212,17,19-08-2023,CHECKOUT,PURCHASED,131.27
3517,229,1,13-05-2024,IMPRESSIONS,VIEWED,38.59
3518,112,4,27-11-2023,IMPRESSIONS,VIEWED,22.6
3519,17,12,11-05-2023,CLICK,CLICKED,53.74
3520,144,9,15-02-2023,IMPRESSIONS,VIEWED,43.87
3521,160,3,12-11-2023,CHECKOUT,ABANDONED,
3522,53,5,21-08-2023,CHECKOUT,PURCHASED,261.96
3523,102,13,02-07-2024,CHECKOUT,PURCHASED,127.7
3524,202,18,08-09-2024,IMPRESSIONS,VIEWED,40.13
3525,231,20,02-04-2024,CLICK,CLICKED,62.91
3526,155,9,01-01-2024,IMPRESSIONS,VIEWED,21.48
3527,243,19,28-10-2023,IMPRESSIONS,VIEWED,34.03
3528,219,10,23-01-2023,IMPRESSIONS,VIEWED,29.53
3529,246,7,25-05-2024,CLICK,CLICKED,41.63
3530,256,12,08-04-2024,CLICK,CLICKED,64.69
3531,120,4,05-06-2024,IMPRESSIONS,VIEWED,10.47
3532,46,11,26-07-2024,IMPRESSIONS,VIEWED,44.84
3533,117,8,29-06-2023,IMPRESSIONS,VIEWED,7.76
3534,178,9,04-07-2024,IMPRESSIONS,VIEWED,5.96
3535,239,7,04-11-2023,IMPRESSIONS,VIEWED,33.36
3536,200,6,06-05-2023,IMPRESSIONS,VIEWED,31.01
3537,250,9,16-09-2024,IMPRESSIONS,VIEWED,5.12
3538,7,6,19-06-2023,IMPRESSIONS,VIEWED,27.58
3539,37,10,12-04-2023,IMPRESSIONS,VIEWED,31.71
3540,198,2,23-12-2024,CLICK,CLICKED,75.81
3541,148,1,12-05-2023,CLICK,CLICKED,36.65
3542,124,7,30-01-2023,CART,ADDED TO CART,145.41
3543,179,1,11-08-2024,CART,ADDED TO CART,114.85
3544,96,4,25-07-2024,CHECKOUT,ABANDONED,
3545,194,15,15-04-2024,IMPRESSIONS,VIEWED,21.55
3546,40,1,23-05-2023,CHECKOUT,PURCHASED,278.39
3547,143,6,02-02-2023,IMPRESSIONS,VIEWED,32.2
3548,113,9,20-09-2024,CLICK,CLICKED,82.47
3549,107,15,09-03-2024,CLICK,CLICKED,41.86
3550,9,4,30-04-2024,DROP-OFF,ABANDONED,
3551,37,11,03-06-2023,CLICK,CLICKED,24.02
3552,151,1,23-09-2024,IMPRESSIONS,VIEWED,7.51
3553,156,13,05-01-2024,IMPRESSIONS,VIEWED,39.74
3554,193,2,23-04-2023,CLICK,CLICKED,71.37
3555,195,7,10-03-2023,CLICK,CLICKED,82.02
3556,172,12,19-08-2024,CART,ADDED TO CART,88.32
3557,225,13,27-09-2023,CART,ADDED TO CART,102.94
3558,14,7,14-07-2024,IMPRESSIONS,VIEWED,18.73
3559,107,9,23-10-2023,CHECKOUT,ABANDONED,
3560,282,13,07-05-2024,IMPRESSIONS,VIEWED,17.03
3561,124,8,09-03-2023,IMPRESSIONS,VIEWED,20.12
3562,43,12,04-12-2024,CLICK,CLICKED,41.82
3563,59,9,14-12-2024,CART,ADDED TO CART,93.12
3564,239,19,21-11-2023,IMPRESSIONS,VIEWED,16.58
3565,299,11,20-10-2023,IMPRESSIONS,VIEWED,22.0
3566,264,7,23-02-2023,CLICK,CLICKED,19.48
3567,275,16,07-09-2023,IMPRESSIONS,VIEWED,17.98
3568,34,9,23-08-2023,IMPRESSIONS,VIEWED,30.25
3569,8,16,15-07-2024,IMPRESSIONS,VIEWED,6.81
3570,208,17,24-11-2023,IMPRESSIONS,VIEWED,35.44
3571,28,14,19-10-2024,CLICK,CLICKED,79.78
3572,297,7,08-09-2023,DROP-OFF,ABANDONED,
3573,37,12,27-09-2023,IMPRESSIONS,VIEWED,21.17
3574,28,6,19-07-2023,IMPRESSIONS,VIEWED,44.07
3575,172,1,22-11-2024,IMPRESSIONS,VIEWED,16.53
3576,49,4,24-10-2023,CART,ADDED TO CART,78.45
3577,246,2,16-04-2023,IMPRESSIONS,VIEWED,34.54
3578,290,5,20-01-2023,IMPRESSIONS,VIEWED,40.71
3579,106,17,25-05-2023,IMPRESSIONS,VIEWED,6.49
3580,164,8,24-08-2024,IMPRESSIONS,VIEWED,19.9
3581,72,1,08-04-2023,CHECKOUT,PURCHASED,261.84
3582,59,7,20-09-2023,CLICK,CLICKED,58.19
3583,99,8,19-10-2024,IMPRESSIONS,VIEWED,43.21
3584,60,7,12-06-2023,IMPRESSIONS,VIEWED,38.3
3585,211,10,08-12-2023,IMPRESSIONS,VIEWED,25.02
3586,153,10,16-09-2024,IMPRESSIONS,VIEWED,15.55
3587,263,14,15-03-2024,IMPRESSIONS,VIEWED,34.19
3588,299,12,11-09-2023,IMPRESSIONS,VIEWED,30.0
3589,125,9,08-11-2024,CLICK,CLICKED,61.64
3590,119,12,19-02-2024,CART,ADDED TO CART,70.15
3591,91,13,18-02-2024,IMPRESSIONS,VIEWED,15.7
3592,200,6,14-01-2024,CART,ADDED TO CART,104.35
3593,214,14,04-11-2023,IMPRESSIONS,VIEWED,13.77
3594,208,19,15-12-2024,IMPRESSIONS,VIEWED,36.1
3595,139,13,20-03-2024,CLICK,CLICKED,30.63
3596,298,14,11-05-2023,CART,ADDED TO CART,119.75
3597,79,10,27-07-2023,DROP-OFF,ABANDONED,
3598,199,16,29-08-2024,IMPRESSIONS,VIEWED,23.99
3599,81,15,22-10-2024,CLICK,CLICKED,70.87
3600,281,8,28-11-2023,IMPRESSIONS,VIEWED,26.94
3601,257,14,10-09-2023,CLICK,CLICKED,73.86
3602,202,18,31-05-2023,IMPRESSIONS,VIEWED,29.64
3603,280,3,01-03-2024,IMPRESSIONS,VIEWED,9.06
3604,264,7,12-12-2024,CLICK,CLICKED,16.73
3605,107,16,14-05-2023,IMPRESSIONS,VIEWED,36.0
3606,3,4,08-10-2023,CLICK,CLICKED,86.92
3607,10,18,24-05-2023,IMPRESSIONS,VIEWED,9.71
3608,63,10,12-02-2024,CART,ADDED TO CART,123.96
3609,227,13,08-07-2023,IMPRESSIONS,VIEWED,34.95
3610,85,13,20-12-2024,IMPRESSIONS,VIEWED,41.69
3611,98,20,22-04-2023,CLICK,CLICKED,31.14
3612,294,9,01-06-2024,CART,ADDED TO CART,149.22
3613,57,6,19-10-2024,IMPRESSIONS,VIEWED,27.69
3614,46,20,24-02-2024,CLICK,CLICKED,66.14
3615,282,8,12-08-2023,IMPRESSIONS,VIEWED,9.2
3616,200,4,23-06-2023,IMPRESSIONS,VIEWED,21.05
3617,127,19,08-09-2024,IMPRESSIONS,VIEWED,12.79
3618,119,9,06-10-2023,IMPRESSIONS,VIEWED,31.27
3619,106,9,30-06-2024,CART,ADDED TO CART,35.47
3620,289,18,08-12-2024,IMPRESSIONS,VIEWED,39.6
3621,253,20,10-08-2023,IMPRESSIONS,VIEWED,9.15
3622,6,10,15-08-2024,CLICK,CLICKED,18.57
3623,160,6,09-02-2023,IMPRESSIONS,VIEWED,42.03
3624,207,18,03-02-2023,CART,ADDED TO CART,135.14
3625,21,8,26-10-2023,IMPRESSIONS,VIEWED,25.08
3626,169,10,20-07-2024,IMPRESSIONS,VIEWED,13.38
3627,102,3,11-03-2024,IMPRESSIONS,VIEWED,24.43
3628,52,7,10-07-2024,IMPRESSIONS,VIEWED,36.49
3629,51,3,22-05-2024,IMPRESSIONS,VIEWED,28.32
3630,159,1,19-05-2023,IMPRESSIONS,VIEWED,11.46
3631,267,18,01-11-2024,IMPRESSIONS,VIEWED,10.3
3632,274,15,09-10-2024,IMPRESSIONS,VIEWED,42.36
3633,39,20,07-08-2023,CHECKOUT,PURCHASED,261.53
3634,189,16,25-01-2024,IMPRESSIONS,VIEWED,29.21
3635,123,18,23-03-2023,IMPRESSIONS,VIEWED,29.59
3636,57,13,06-05-2023,CART,ADDED TO CART,50.32
3637,78,4,23-12-2023,IMPRESSIONS,VIEWED,33.4
3638,43,11,12-08-2023,IMPRESSIONS,VIEWED,43.63
3639,95,13,10-03-2023,IMPRESSIONS,VIEWED,18.49
3640,166,6,02-11-2024,CLICK,CLICKED,15.15
3641,187,10,13-05-2024,CART,ADDED TO CART,142.11
3642,239,19,09-07-2024,CLICK,CLICKED,46.94
3643,145,17,06-08-2024,CHECKOUT,PURCHASED,295.2
3644,16,12,19-04-2023,CLICK,CLICKED,48.86
3645,206,7,10-01-2024,IMPRESSIONS,VIEWED,39.07
3646,95,15,15-10-2024,CART,ADDED TO CART,48.73
3647,207,5,31-10-2024,IMPRESSIONS,VIEWED,15.36
3648,5,16,24-01-2023,CLICK,CLICKED,79.43
3649,141,4,16-08-2023,IMPRESSIONS,VIEWED,39.45
3650,134,2,18-12-2024,CLICK,CLICKED,15.26
3651,211,14,08-07-2024,CLICK,CLICKED,51.44
3652,275,5,08-01-2023,CLICK,CLICKED,52.61
3653,57,4,26-12-2023,DROP-OFF,ABANDONED,
3654,83,5,23-08-2023,IMPRESSIONS,VIEWED,12.0
3655,80,10,14-01-2023,CLICK,CLICKED,79.97
3656,270,7,02-01-2024,CHECKOUT,PURCHASED,53.15
3657,140,3,09-02-2023,CART,ADDED TO CART,84.28
3658,60,8,17-01-2024,CHECKOUT,ABANDONED,
3659,60,8,22-12-2023,CLICK,CLICKED,38.9
3660,227,5,18-06-2023,CART,ADDED TO CART,140.82
3661,4,14,24-10-2023,IMPRESSIONS,VIEWED,27.26
3662,21,20,20-04-2024,CLICK,CLICKED,84.5
3663,9,3,25-01-2023,CHECKOUT,ABANDONED,
3664,148,11,06-09-2023,IMPRESSIONS,VIEWED,36.47
3665,262,4,02-11-2024,IMPRESSIONS,VIEWED,36.99
3666,148,5,17-07-2024,IMPRESSIONS,VIEWED,5.9
3667,114,12,24-05-2024,CHECKOUT,PURCHASED,216.79
3668,117,15,25-07-2024,CLICK,CLICKED,22.3
3669,228,9,03-09-2023,CART,ADDED TO CART,101.55
3670,8,11,06-12-2023,CLICK,CLICKED,73.82
3671,293,10,15-12-2024,CART,ADDED TO CART,52.39
3672,1,14,09-09-2024,CHECKOUT,PURCHASED,220.81
3673,184,5,16-06-2024,CLICK,CLICKED,43.29
3674,25,13,06-12-2023,IMPRESSIONS,VIEWED,23.09
3675,140,12,30-03-2024,CHECKOUT,ABANDONED,
3676,205,11,28-05-2023,IMPRESSIONS,VIEWED,21.73
3677,287,3,03-11-2023,CLICK,CLICKED,41.83
3678,11,17,15-10-2023,IMPRESSIONS,VIEWED,30.61
3679,204,10,03-10-2023,IMPRESSIONS,VIEWED,17.92
3680,5,18,16-10-2023,CLICK,CLICKED,82.57
3681,90,7,05-11-2023,CLICK,CLICKED,21.0
3682,65,10,24-04-2023,CART,ADDED TO CART,59.59
3683,204,20,21-04-2023,IMPRESSIONS,VIEWED,23.34
3684,300,1,29-01-2024,IMPRESSIONS,VIEWED,5.6
3685,143,6,13-01-2024,CLICK,CLICKED,31.62
3686,74,20,13-12-2023,CLICK,CLICKED,28.6
3687,114,3,26-11-2023,CLICK,CLICKED,31.98
3688,144,1,24-05-2023,CLICK,CLICKED,82.86
3689,47,15,11-06-2023,IMPRESSIONS,VIEWED,29.01
3690,68,1,06-11-2023,IMPRESSIONS,VIEWED,41.21
3691,184,8,27-08-2024,IMPRESSIONS,VIEWED,29.16
3692,244,1,10-02-2024,IMPRESSIONS,VIEWED,35.06
3693,111,4,25-08-2023,CLICK,CLICKED,54.87
3694,184,1,09-07-2023,IMPRESSIONS,VIEWED,31.86
3695,25,4,13-08-2024,IMPRESSIONS,VIEWED,19.95
3696,116,16,10-09-2024,CLICK,CLICKED,19.36
3697,12,6,26-12-2024,CLICK,CLICKED,22.46
3698,75,6,15-12-2023,IMPRESSIONS,VIEWED,7.56
3699,189,12,06-09-2024,IMPRESSIONS,VIEWED,14.08
3700,147,12,11-08-2023,IMPRESSIONS,VIEWED,43.49
3701,240,15,01-07-2024,CART,ADDED TO CART,69.78
3702,149,15,22-10-2023,CART,ADDED TO CART,31.54
3703,61,20,30-10-2023,CHECKOUT,ABANDONED,
3704,101,20,17-12-2024,CHECKOUT,ABANDONED,
3705,232,16,14-03-2024,CHECKOUT,PURCHASED,131.7
3706,177,6,05-11-2024,CLICK,CLICKED,24.38
3707,295,6,21-07-2024,IMPRESSIONS,VIEWED,26.9
3708,209,3,01-10-2024,IMPRESSIONS,VIEWED,7.77
3709,59,13,04-05-2024,CLICK,CLICKED,43.98
3710,245,14,29-07-2023,IMPRESSIONS,VIEWED,12.94
3711,249,4,06-07-2024,IMPRESSIONS,VIEWED,39.76
3712,194,17,19-10-2023,CLICK,CLICKED,31.55
3713,255,3,27-03-2023,IMPRESSIONS,VIEWED,12.7
3714,21,1,08-09-2023,CLICK,CLICKED,57.73
3715,276,19,14-12-2024,IMPRESSIONS,VIEWED,13.29
3716,133,14,19-12-2023,CLICK,CLICKED,60.95
3717,65,16,02-07-2024,CLICK,CLICKED,64.43
3718,104,16,27-02-2024,IMPRESSIONS,VIEWED,40.82
3719,269,5,12-02-2023,IMPRESSIONS,VIEWED,37.58
3720,181,6,18-12-2024,IMPRESSIONS,VIEWED,22.24
3721,113,12,07-03-2023,CART,ADDED TO CART,51.97
3722,144,11,20-12-2023,IMPRESSIONS,VIEWED,43.01
3723,188,13,18-11-2023,CHECKOUT,ABANDONED,
3724,241,14,24-09-2023,CLICK,CLICKED,26.98
3725,143,19,22-10-2023,CLICK,CLICKED,38.01
3726,71,11,06-01-2023,CHECKOUT,PURCHASED,292.53
3727,215,11,28-01-2024,CLICK,CLICKED,25.72
3728,28,14,10-05-2023,CART,ADDED TO CART,115.32
3729,92,20,25-08-2023,CART,ADDED TO CART,103.67
3730,300,7,21-09-2023,CLICK,CLICKED,20.47
3731,295,4,05-11-2023,IMPRESSIONS,VIEWED,12.44
3732,101,10,20-05-2024,CLICK,CLICKED,83.3
3733,253,19,19-04-2024,CHECKOUT,ABANDONED,
3734,192,4,16-06-2024,IMPRESSIONS,VIEWED,5.97
3735,118,20,26-06-2024,IMPRESSIONS,VIEWED,27.22
3736,74,8,17-07-2023,IMPRESSIONS,VIEWED,42.06
3737,139,11,07-03-2023,CLICK,CLICKED,45.02
3738,228,1,09-02-2024,IMPRESSIONS,VIEWED,38.95
3739,267,14,25-07-2023,IMPRESSIONS,VIEWED,40.33
3740,78,1,20-02-2023,DROP-OFF,ABANDONED,
3741,266,10,30-05-2024,CHECKOUT,ABANDONED,
3742,199,9,10-07-2024,IMPRESSIONS,VIEWED,38.96
3743,296,13,24-01-2023,DROP-OFF,ABANDONED,
3744,86,18,11-09-2024,IMPRESSIONS,VIEWED,20.25
3745,172,9,13-09-2024,CHECKOUT,ABANDONED,
3746,69,1,29-07-2024,CHECKOUT,PURCHASED,116.38
3747,27,4,12-07-2023,IMPRESSIONS,VIEWED,41.32
3748,111,12,21-02-2023,CART,ADDED TO CART,39.29
3749,170,10,05-02-2024,IMPRESSIONS,VIEWED,26.64
3750,25,7,20-06-2024,CART,ADDED TO CART,64.3
3751,35,2,16-10-2023,IMPRESSIONS,VIEWED,18.94
3752,198,17,15-12-2023,IMPRESSIONS,VIEWED,12.64
3753,53,9,11-06-2024,CLICK,CLICKED,49.36
3754,181,17,21-02-2023,IMPRESSIONS,VIEWED,41.89
3755,265,11,26-01-2024,IMPRESSIONS,VIEWED,38.63
3756,231,18,26-09-2023,IMPRESSIONS,VIEWED,40.54
3757,53,13,12-09-2024,CLICK,CLICKED,67.63
3758,224,3,20-04-2023,IMPRESSIONS,VIEWED,44.24
3759,265,14,26-04-2023,IMPRESSIONS,VIEWED,22.54
3760,297,17,26-07-2023,CLICK,CLICKED,19.93
3761,22,11,29-01-2023,IMPRESSIONS,VIEWED,12.58
3762,183,18,10-03-2023,CLICK,CLICKED,47.98
3763,77,18,14-01-2024,IMPRESSIONS,VIEWED,28.14
3764,261,6,17-10-2023,IMPRESSIONS,VIEWED,8.77
3765,247,11,26-07-2024,IMPRESSIONS,VIEWED,42.16
3766,220,18,11-05-2024,CLICK,CLICKED,76.11
3767,104,1,05-06-2023,CART,ADDED TO CART,54.54
3768,237,6,05-05-2024,CART,ADDED TO CART,101.1
3769,114,9,21-11-2023,IMPRESSIONS,VIEWED,11.58
3770,65,17,15-01-2024,CHECKOUT,ABANDONED,
3771,55,8,05-01-2023,CART,ADDED TO CART,128.18
3772,4,18,31-07-2024,CHECKOUT,ABANDONED,
3773,5,15,18-08-2023,CLICK,CLICKED,74.5
3774,241,15,29-04-2023,IMPRESSIONS,VIEWED,17.76
3775,247,17,04-02-2024,IMPRESSIONS,VIEWED,22.7
3776,43,5,16-03-2023,IMPRESSIONS,VIEWED,10.63
3777,152,10,15-05-2024,IMPRESSIONS,VIEWED,34.55
3778,248,15,25-04-2024,IMPRESSIONS,VIEWED,32.11
3779,299,16,21-04-2023,IMPRESSIONS,VIEWED,35.88
3780,207,15,21-02-2024,IMPRESSIONS,VIEWED,12.79
3781,137,1,18-01-2023,CLICK,CLICKED,27.11
3782,145,5,21-11-2024,IMPRESSIONS,VIEWED,36.21
3783,103,6,11-05-2023,CART,ADDED TO CART,121.23
3784,125,20,21-12-2024,IMPRESSIONS,VIEWED,32.73
3785,245,8,07-03-2024,IMPRESSIONS,VIEWED,24.71
3786,59,3,03-12-2023,IMPRESSIONS,VIEWED,7.77
3787,78,14,10-01-2023,IMPRESSIONS,VIEWED,21.05
3788,287,19,02-08-2023,CLICK,CLICKED,59.84
3789,285,7,14-08-2023,IMPRESSIONS,VIEWED,24.68
3790,46,20,11-07-2023,IMPRESSIONS,VIEWED,27.81
3791,130,13,06-09-2023,CHECKOUT,PURCHASED,296.16
3792,199,10,26-11-2024,CART,ADDED TO CART,32.75
3793,107,3,21-05-2024,CLICK,CLICKED,42.37
3794,266,5,14-11-2023,IMPRESSIONS,VIEWED,39.33
3795,86,16,16-11-2024,IMPRESSIONS,VIEWED,37.43
3796,73,1,13-07-2024,IMPRESSIONS,VIEWED,17.17
3797,194,1,24-11-2023,IMPRESSIONS,VIEWED,16.19
3798,74,16,28-04-2023,IMPRESSIONS,VIEWED,40.16
3799,102,8,24-11-2023,DROP-OFF,ABANDONED,
3800,112,13,04-09-2024,CLICK,CLICKED,21.71
3801,30,2,08-02-2023,CLICK,CLICKED,56.48
3802,267,4,04-01-2023,CART,ADDED TO CART,132.43
3803,273,2,27-06-2023,CLICK,CLICKED,67.43
3804,143,3,10-12-2023,CLICK,CLICKED,61.62
3805,118,2,26-09-2023,CLICK,CLICKED,46.85
3806,125,14,08-02-2024,IMPRESSIONS,VIEWED,10.61
3807,71,14,16-06-2024,IMPRESSIONS,VIEWED,40.77
3808,132,15,04-01-2023,DROP-OFF,ABANDONED,
3809,113,3,01-04-2023,IMPRESSIONS,VIEWED,31.97
3810,126,1,19-09-2024,IMPRESSIONS,VIEWED,29.75
3811,149,5,07-04-2023,CLICK,CLICKED,25.49
3812,217,20,27-08-2023,CLICK,CLICKED,63.57
3813,54,13,12-05-2024,IMPRESSIONS,VIEWED,24.15
3814,65,17,09-07-2024,CART,ADDED TO CART,79.1
3815,121,14,11-07-2024,CLICK,CLICKED,21.58
3816,204,6,15-04-2024,CHECKOUT,ABANDONED,
3817,82,6,11-03-2024,IMPRESSIONS,VIEWED,27.8
3818,100,15,21-10-2024,IMPRESSIONS,VIEWED,11.76
3819,282,20,23-11-2024,DROP-OFF,ABANDONED,
3820,1,15,26-10-2023,CLICK,CLICKED,57.42
3821,55,5,28-11-2023,IMPRESSIONS,VIEWED,23.59
3822,223,11,09-09-2024,CART,ADDED TO CART,65.57
3823,282,7,24-07-2024,IMPRESSIONS,VIEWED,6.17
3824,38,10,08-05-2023,CART,ADDED TO CART,137.03
3825,199,11,09-05-2024,CLICK,CLICKED,86.5
3826,72,19,27-12-2023,CHECKOUT,ABANDONED,
3827,48,18,29-06-2024,IMPRESSIONS,VIEWED,26.02
3828,21,2,29-10-2024,IMPRESSIONS,VIEWED,33.74
3829,95,9,04-10-2023,CLICK,CLICKED,57.09
3830,252,12,16-10-2024,CLICK,CLICKED,63.19
3831,73,19,20-07-2023,IMPRESSIONS,VIEWED,18.6
3832,7,3,21-10-2024,CLICK,CLICKED,35.64
3833,293,1,16-02-2024,CLICK,CLICKED,89.66
3834,83,8,13-07-2023,IMPRESSIONS,VIEWED,30.36
3835,9,13,22-06-2023,CHECKOUT,ABANDONED,
3836,256,7,21-01-2023,CHECKOUT,ABANDONED,
3837,89,13,28-10-2024,CLICK,CLICKED,67.63
3838,294,15,08-01-2024,IMPRESSIONS,VIEWED,32.89
3839,168,16,07-12-2024,IMPRESSIONS,VIEWED,20.64
3840,189,14,25-11-2024,CART,ADDED TO CART,60.69
3841,195,18,19-05-2024,CART,ADDED TO CART,107.51
3842,130,12,13-08-2023,IMPRESSIONS,VIEWED,20.23
3843,220,18,03-07-2024,CLICK,CLICKED,84.56
3844,264,7,13-11-2024,CART,ADDED TO CART,90.8
3845,152,18,23-08-2023,CLICK,CLICKED,62.25
3846,214,16,10-08-2023,IMPRESSIONS,VIEWED,25.7
3847,124,5,31-01-2023,CHECKOUT,ABANDONED,
3848,243,12,21-06-2024,CLICK,CLICKED,26.93
3849,210,20,28-07-2024,IMPRESSIONS,VIEWED,14.75
3850,221,20,08-12-2024,IMPRESSIONS,VIEWED,5.95
3851,157,11,03-03-2023,IMPRESSIONS,VIEWED,26.28
3852,206,15,19-06-2023,CART,ADDED TO CART,36.14
3853,101,9,26-06-2023,DROP-OFF,ABANDONED,
3854,101,19,16-02-2023,CLICK,CLICKED,83.6
3855,251,5,27-08-2024,IMPRESSIONS,VIEWED,14.67
3856,15,3,07-03-2024,IMPRESSIONS,VIEWED,19.17
3857,68,1,04-11-2023,CHECKOUT,PURCHASED,212.77
3858,288,4,16-11-2023,IMPRESSIONS,VIEWED,10.57
3859,238,20,29-09-2023,CART,ADDED TO CART,128.92
3860,252,20,05-12-2023,IMPRESSIONS,VIEWED,10.69
3861,181,19,30-01-2023,IMPRESSIONS,VIEWED,19.32
3862,236,9,02-06-2023,CLICK,CLICKED,75.46
3863,177,4,09-12-2024,IMPRESSIONS,VIEWED,13.94
3864,99,18,24-11-2024,IMPRESSIONS,VIEWED,43.18
3865,133,14,11-02-2023,CART,ADDED TO CART,100.15
3866,166,4,22-03-2023,CLICK,CLICKED,77.16
3867,161,8,06-12-2024,CLICK,CLICKED,25.18
3868,96,18,21-04-2023,IMPRESSIONS,VIEWED,22.69
3869,198,4,24-05-2023,CART,ADDED TO CART,129.65
3870,192,14,20-06-2023,CART,ADDED TO CART,135.96
3871,89,14,30-01-2023,CLICK,CLICKED,44.42
3872,8,19,28-09-2024,CHECKOUT,ABANDONED,
3873,293,8,27-03-2023,CLICK,CLICKED,16.51
3874,121,20,04-09-2024,IMPRESSIONS,VIEWED,34.79
3875,31,10,10-12-2023,IMPRESSIONS,VIEWED,41.71
3876,65,14,27-03-2024,IMPRESSIONS,VIEWED,43.09
3877,111,9,23-08-2023,CART,ADDED TO CART,67.03
3878,177,3,04-11-2024,IMPRESSIONS,VIEWED,10.81
3879,125,13,01-11-2023,IMPRESSIONS,VIEWED,36.42
3880,122,4,10-09-2023,IMPRESSIONS,VIEWED,35.68
3881,227,13,22-04-2024,IMPRESSIONS,VIEWED,33.73
3882,150,19,25-01-2023,CART,ADDED TO CART,53.29
3883,44,17,25-12-2024,IMPRESSIONS,VIEWED,22.44
3884,191,8,28-03-2023,DROP-OFF,ABANDONED,
3885,81,19,10-05-2024,CLICK,CLICKED,16.18
3886,76,19,28-04-2023,CHECKOUT,ABANDONED,
3887,65,13,14-12-2023,CART,ADDED TO CART,55.64
3888,83,17,25-04-2023,CART,ADDED TO CART,112.24
3889,43,2,30-05-2024,CLICK,CLICKED,22.35
3890,282,8,11-02-2024,CLICK,CLICKED,48.2
3891,236,14,10-05-2024,IMPRESSIONS,VIEWED,10.48
3892,264,15,14-05-2024,IMPRESSIONS,VIEWED,39.02
3893,42,12,21-07-2023,IMPRESSIONS,VIEWED,7.04
3894,91,1,15-05-2023,CART,ADDED TO CART,119.09
3895,267,8,27-07-2024,CLICK,CLICKED,70.86
3896,159,12,26-02-2023,IMPRESSIONS,VIEWED,23.1
3897,204,2,01-09-2023,CLICK,CLICKED,15.64
3898,106,9,22-02-2024,CLICK,CLICKED,37.32
3899,36,18,29-12-2024,CART,ADDED TO CART,124.66
3900,278,17,09-04-2023,IMPRESSIONS,VIEWED,22.86
3901,37,2,18-11-2023,IMPRESSIONS,VIEWED,20.01
3902,52,18,14-11-2023,IMPRESSIONS,VIEWED,14.4
3903,281,6,06-01-2024,CART,ADDED TO CART,33.78
3904,282,7,02-12-2024,CART,ADDED TO CART,92.76
3905,211,8,01-03-2024,CART,ADDED TO CART,94.5
3906,45,16,09-09-2023,CART,ADDED TO CART,85.9
3907,262,19,24-12-2024,IMPRESSIONS,VIEWED,24.29
3908,24,2,24-01-2023,IMPRESSIONS,VIEWED,32.95
3909,52,2,30-04-2024,CHECKOUT,ABANDONED,
3910,59,14,05-09-2023,IMPRESSIONS,VIEWED,36.78
3911,273,20,25-11-2023,IMPRESSIONS,VIEWED,5.26
3912,191,3,23-04-2023,DROP-OFF,ABANDONED,
3913,42,20,29-09-2023,CART,ADDED TO CART,73.42
3914,187,14,12-09-2024,CLICK,CLICKED,40.38
3915,59,20,10-07-2023,CLICK,CLICKED,32.72
3916,229,4,05-12-2024,CART,ADDED TO CART,120.01
3917,218,8,21-08-2024,IMPRESSIONS,VIEWED,34.69
3918,196,15,10-07-2024,IMPRESSIONS,VIEWED,19.54
3919,107,15,11-04-2023,IMPRESSIONS,VIEWED,37.93
3920,24,6,24-05-2023,IMPRESSIONS,VIEWED,43.46
3921,155,10,05-02-2024,CHECKOUT,ABANDONED,
3922,254,14,29-07-2023,CART,ADDED TO CART,65.62
3923,57,3,13-04-2024,IMPRESSIONS,VIEWED,11.96
3924,53,12,10-07-2023,IMPRESSIONS,VIEWED,29.04
3925,273,14,01-08-2023,CHECKOUT,ABANDONED,
3926,135,16,28-01-2023,CART,ADDED TO CART,67.58
3927,276,19,01-02-2024,CLICK,CLICKED,31.23
3928,283,18,25-08-2023,IMPRESSIONS,VIEWED,24.46
3929,117,13,21-08-2023,CLICK,CLICKED,58.25
3930,93,5,24-12-2024,CHECKOUT,PURCHASED,213.64
3931,86,16,01-03-2023,IMPRESSIONS,VIEWED,7.58
3932,136,2,22-01-2024,CART,ADDED TO CART,99.48
3933,42,18,07-04-2024,IMPRESSIONS,VIEWED,24.19
3934,266,7,21-01-2023,IMPRESSIONS,VIEWED,32.86
3935,206,2,06-05-2024,IMPRESSIONS,VIEWED,38.31
3936,245,10,18-08-2024,CLICK,CLICKED,27.09
3937,70,4,17-05-2024,IMPRESSIONS,VIEWED,36.62
3938,214,12,13-06-2024,CART,ADDED TO CART,149.39
3939,5,14,20-03-2023,CLICK,CLICKED,79.62
3940,49,14,24-07-2023,CART,ADDED TO CART,101.57
3941,188,12,04-04-2024,CART,ADDED TO CART,42.4
3942,157,20,25-02-2024,IMPRESSIONS,VIEWED,27.96
3943,109,17,07-12-2024,CLICK,CLICKED,54.78
3944,86,2,27-04-2023,CART,ADDED TO CART,89.95
3945,219,16,23-12-2023,IMPRESSIONS,VIEWED,20.56
3946,100,14,04-05-2023,CART,ADDED TO CART,39.23
3947,270,11,02-10-2023,CLICK,CLICKED,66.69
3948,29,8,02-05-2024,CLICK,CLICKED,42.87
3949,171,17,19-08-2023,IMPRESSIONS,VIEWED,32.2
3950,281,4,06-06-2023,CLICK,CLICKED,60.28
3951,79,5,26-11-2023,CART,ADDED TO CART,42.7
3952,140,3,06-09-2024,CLICK,CLICKED,56.82
3953,35,9,20-05-2024,CHECKOUT,ABANDONED,
3954,55,6,24-12-2024,IMPRESSIONS,VIEWED,32.85
3955,203,8,08-08-2024,CLICK,CLICKED,22.33
3956,107,18,15-09-2023,IMPRESSIONS,VIEWED,20.58
3957,27,20,06-09-2023,IMPRESSIONS,VIEWED,25.85
3958,173,20,17-02-2023,CLICK,CLICKED,42.18
3959,297,18,20-04-2024,IMPRESSIONS,VIEWED,27.5
3960,91,4,16-04-2024,CLICK,CLICKED,63.81
3961,48,14,15-02-2024,CLICK,CLICKED,31.18
3962,241,7,15-03-2024,CLICK,CLICKED,24.08
3963,116,10,12-01-2023,CLICK,CLICKED,24.95
3964,88,6,04-10-2023,IMPRESSIONS,VIEWED,21.47
3965,126,6,29-08-2023,IMPRESSIONS,VIEWED,8.77
3966,279,4,26-10-2024,CART,ADDED TO CART,62.21
3967,152,18,05-10-2023,IMPRESSIONS,VIEWED,32.73
3968,126,12,08-01-2023,CLICK,CLICKED,45.85
3969,47,4,15-11-2024,CART,ADDED TO CART,108.88
3970,173,14,08-10-2023,IMPRESSIONS,VIEWED,17.36
3971,180,7,27-09-2024,CLICK,CLICKED,50.06
3972,164,10,13-10-2024,IMPRESSIONS,VIEWED,32.38
3973,29,17,03-07-2023,IMPRESSIONS,VIEWED,6.09
3974,103,11,28-01-2024,IMPRESSIONS,VIEWED,34.97
3975,90,2,11-10-2024,CHECKOUT,PURCHASED,167.47
3976,196,14,20-08-2024,CLICK,CLICKED,73.15
3977,292,12,28-08-2023,IMPRESSIONS,VIEWED,27.75
3978,48,3,02-10-2024,CART,ADDED TO CART,103.06
3979,9,20,25-08-2023,CART,ADDED TO CART,45.22
3980,77,10,03-01-2023,IMPRESSIONS,VIEWED,15.81
3981,98,7,04-11-2023,CLICK,CLICKED,34.3
3982,242,12,15-04-2023,DROP-OFF,ABANDONED,
3983,270,13,22-03-2024,CHECKOUT,ABANDONED,
3984,20,17,21-03-2024,CART,ADDED TO CART,127.43
3985,90,10,13-09-2023,CART,ADDED TO CART,76.05
3986,69,18,04-12-2023,IMPRESSIONS,VIEWED,13.17
3987,12,19,22-12-2023,IMPRESSIONS,VIEWED,40.17
3988,246,1,12-09-2023,CLICK,CLICKED,39.51
3989,166,20,09-04-2023,CART,ADDED TO CART,78.58
3990,23,9,13-04-2024,IMPRESSIONS,VIEWED,6.51
3991,175,9,20-05-2023,CLICK,CLICKED,85.09
3992,146,20,22-10-2024,IMPRESSIONS,VIEWED,22.19
3993,276,20,16-08-2024,IMPRESSIONS,VIEWED,33.03
3994,235,1,19-03-2024,CLICK,CLICKED,61.59
3995,43,3,27-01-2023,CHECKOUT,PURCHASED,248.6
3996,134,15,16-04-2023,IMPRESSIONS,VIEWED,21.75
3997,167,1,30-10-2024,IMPRESSIONS,VIEWED,32.45
3998,197,16,09-11-2024,IMPRESSIONS,VIEWED,16.36
3999,107,12,17-09-2024,CHECKOUT,ABANDONED,
4000,295,17,02-12-2023,IMPRESSIONS,VIEWED,35.38
4001,9,11,23-02-2024,IMPRESSIONS,VIEWED,18.73
4002,24,5,30-12-2024,CART,ADDED TO CART,138.15
4003,288,14,15-03-2023,CLICK,CLICKED,75.12
4004,64,10,04-02-2023,CART,ADDED TO CART,36.68
4005,124,18,28-11-2023,CHECKOUT,ABANDONED,
4006,220,6,21-01-2024,CHECKOUT,ABANDONED,
4007,264,3,06-10-2024,IMPRESSIONS,VIEWED,27.92
4008,209,18,23-02-2023,CLICK,CLICKED,53.41
4009,114,1,28-03-2023,IMPRESSIONS,VIEWED,22.57
4010,296,13,07-09-2024,IMPRESSIONS,VIEWED,35.36
4011,258,12,31-05-2023,DROP-OFF,ABANDONED,
4012,251,15,25-12-2023,CLICK,CLICKED,81.87
4013,199,11,29-02-2024,IMPRESSIONS,VIEWED,13.63
4014,156,10,05-08-2023,CLICK,CLICKED,53.15
4015,194,8,27-08-2023,IMPRESSIONS,VIEWED,12.85
4016,190,15,26-11-2024,IMPRESSIONS,VIEWED,22.94
4017,113,4,02-04-2024,IMPRESSIONS,VIEWED,23.46
4018,220,6,22-11-2024,IMPRESSIONS,VIEWED,14.8
4019,201,15,05-07-2024,IMPRESSIONS,VIEWED,37.55
4020,136,16,19-01-2024,CLICK,CLICKED,85.57
4021,258,11,22-05-2023,CLICK,CLICKED,71.24
4022,130,1,03-09-2023,CLICK,CLICKED,56.82
4023,145,1,29-09-2023,CHECKOUT,ABANDONED,
4024,246,14,23-04-2024,IMPRESSIONS,VIEWED,19.03
4025,153,3,19-03-2023,IMPRESSIONS,VIEWED,31.07
4026,107,2,28-09-2024,CLICK,CLICKED,57.82
4027,143,2,23-02-2024,IMPRESSIONS,VIEWED,14.69
4028,149,9,18-12-2023,IMPRESSIONS,VIEWED,19.62
4029,176,6,25-07-2023,CHECKOUT,ABANDONED,
4030,211,14,02-02-2023,CLICK,CLICKED,34.52
4031,15,19,22-03-2023,IMPRESSIONS,VIEWED,28.4
4032,186,14,21-03-2023,IMPRESSIONS,VIEWED,44.74
4033,45,18,15-04-2023,CLICK,CLICKED,71.17
4034,230,9,16-02-2024,IMPRESSIONS,VIEWED,23.82
4035,218,3,06-06-2024,CLICK,CLICKED,65.17
4036,144,15,20-08-2024,IMPRESSIONS,VIEWED,33.33
4037,9,12,30-12-2024,IMPRESSIONS,VIEWED,44.12
4038,192,1,23-06-2024,CLICK,CLICKED,68.87
4039,120,8,04-01-2023,CART,ADDED TO CART,89.57
4040,147,1,20-11-2023,IMPRESSIONS,VIEWED,29.93
4041,217,6,09-06-2023,IMPRESSIONS,VIEWED,7.69
4042,46,18,02-02-2024,IMPRESSIONS,VIEWED,17.3
4043,125,7,19-07-2024,CLICK,CLICKED,49.03
4044,257,11,21-06-2023,IMPRESSIONS,VIEWED,38.1
4045,2,7,02-12-2023,CLICK,CLICKED,16.25
4046,86,8,31-05-2024,CLICK,CLICKED,89.41
4047,276,14,28-02-2024,IMPRESSIONS,VIEWED,17.1
4048,105,3,28-07-2023,CHECKOUT,ABANDONED,
4049,259,7,09-01-2023,IMPRESSIONS,VIEWED,15.7
4050,215,11,01-07-2024,CART,ADDED TO CART,55.2
4051,270,18,09-01-2024,CLICK,CLICKED,56.28
4052,168,11,29-09-2024,CART,ADDED TO CART,127.06
4053,268,10,23-12-2024,CHECKOUT,ABANDONED,
4054,88,18,20-01-2024,IMPRESSIONS,VIEWED,23.43
4055,92,7,04-07-2024,IMPRESSIONS,VIEWED,17.44
4056,293,3,14-07-2024,CHECKOUT,ABANDONED,
4057,29,7,29-06-2024,IMPRESSIONS,VIEWED,12.56
4058,66,20,27-06-2023,IMPRESSIONS,VIEWED,32.57
4059,190,19,19-04-2024,CART,ADDED TO CART,147.37
4060,27,19,15-04-2023,IMPRESSIONS,VIEWED,23.89
4061,99,10,03-04-2023,CHECKOUT,PURCHASED,229.55
4062,46,7,13-09-2023,IMPRESSIONS,VIEWED,12.83
4063,28,3,25-11-2023,IMPRESSIONS,VIEWED,37.34
4064,152,1,05-04-2024,IMPRESSIONS,VIEWED,40.75
4065,209,12,20-09-2024,CLICK,CLICKED,49.25
4066,222,8,09-11-2023,IMPRESSIONS,VIEWED,36.32
4067,95,20,28-08-2024,IMPRESSIONS,VIEWED,18.65
4068,29,14,11-11-2023,CLICK,CLICKED,46.45
4069,54,13,18-10-2024,IMPRESSIONS,VIEWED,7.35
4070,270,5,13-06-2023,CLICK,CLICKED,45.34
4071,73,14,30-05-2024,CHECKOUT,ABANDONED,
4072,43,16,31-12-2023,CHECKOUT,ABANDONED,
4073,88,13,25-09-2024,CLICK,CLICKED,17.29
4074,100,9,23-05-2024,CLICK,CLICKED,15.83
4075,292,8,23-05-2023,CLICK,CLICKED,24.71
4076,68,18,04-10-2024,CLICK,CLICKED,25.93
4077,24,15,01-10-2023,CLICK,CLICKED,34.06
4078,98,18,19-04-2024,CHECKOUT,ABANDONED,
4079,180,3,30-10-2023,IMPRESSIONS,VIEWED,32.08
4080,263,1,24-12-2024,DROP-OFF,ABANDONED,
4081,265,13,17-01-2023,CART,ADDED TO CART,64.56
4082,15,6,06-07-2023,IMPRESSIONS,VIEWED,38.89
4083,245,9,06-04-2024,CHECKOUT,PURCHASED,221.61
4084,175,2,16-08-2024,IMPRESSIONS,VIEWED,22.43
4085,133,7,06-02-2023,IMPRESSIONS,VIEWED,30.08
4086,182,14,18-05-2023,IMPRESSIONS,VIEWED,34.12
4087,196,12,11-03-2024,CLICK,CLICKED,30.45
4088,27,14,24-10-2024,IMPRESSIONS,VIEWED,40.39
4089,51,7,23-07-2024,IMPRESSIONS,VIEWED,38.23
4090,142,15,23-03-2023,CART,ADDED TO CART,55.72
4091,9,7,04-12-2023,IMPRESSIONS,VIEWED,34.19
4092,287,6,06-08-2024,IMPRESSIONS,VIEWED,15.38
4093,289,2,06-01-2024,IMPRESSIONS,VIEWED,27.43
4094,184,3,23-02-2024,CLICK,CLICKED,69.65
4095,65,13,20-05-2024,IMPRESSIONS,VIEWED,37.59
4096,271,14,06-12-2023,IMPRESSIONS,VIEWED,19.7
4097,274,6,12-06-2023,CLICK,CLICKED,72.01
4098,57,17,12-08-2023,IMPRESSIONS,VIEWED,6.67
4099,262,17,18-12-2023,IMPRESSIONS,VIEWED,24.4
4100,210,16,29-05-2024,IMPRESSIONS,VIEWED,17.96
4101,283,8,06-05-2024,CHECKOUT,PURCHASED,191.51
4102,295,16,09-12-2023,IMPRESSIONS,VIEWED,30.45
4103,42,16,27-11-2023,DROP-OFF,ABANDONED,
4104,169,20,05-10-2024,IMPRESSIONS,VIEWED,26.5
4105,235,9,31-03-2023,CHECKOUT,PURCHASED,224.97
4106,150,17,31-01-2024,CLICK,CLICKED,48.28
4107,62,4,23-09-2024,CLICK,CLICKED,40.1
4108,138,20,21-02-2024,IMPRESSIONS,VIEWED,35.7
4109,224,10,25-04-2023,CLICK,CLICKED,32.82
4110,5,2,02-08-2024,CHECKOUT,PURCHASED,232.78
4111,95,2,23-04-2023,IMPRESSIONS,VIEWED,8.43
4112,168,19,01-05-2024,CLICK,CLICKED,84.15
4113,75,5,20-06-2024,IMPRESSIONS,VIEWED,35.89
4114,86,16,26-01-2024,IMPRESSIONS,VIEWED,22.44
4115,26,3,10-10-2024,CHECKOUT,ABANDONED,
4116,141,1,28-07-2023,IMPRESSIONS,VIEWED,7.88
4117,171,8,25-03-2024,CART,ADDED TO CART,125.35
4118,270,13,14-02-2024,CHECKOUT,PURCHASED,71.6
4119,178,11,25-09-2023,IMPRESSIONS,VIEWED,14.8
4120,79,13,11-02-2023,CLICK,CLICKED,79.18
4121,207,5,22-05-2024,IMPRESSIONS,VIEWED,20.8
4122,154,20,10-08-2024,IMPRESSIONS,VIEWED,21.35
4123,79,17,09-01-2024,CART,ADDED TO CART,147.73
4124,183,11,26-10-2024,CART,ADDED TO CART,96.85
4125,11,16,09-04-2024,IMPRESSIONS,VIEWED,8.57
4126,82,13,06-07-2023,IMPRESSIONS,VIEWED,20.91
4127,263,9,23-10-2023,CART,ADDED TO CART,83.5
4128,12,16,18-12-2023,IMPRESSIONS,VIEWED,23.24
4129,192,12,12-03-2023,IMPRESSIONS,VIEWED,8.84
4130,158,20,19-06-2023,IMPRESSIONS,VIEWED,41.71
4131,278,6,16-06-2024,CART,ADDED TO CART,92.08
4132,173,19,02-05-2024,IMPRESSIONS,VIEWED,19.02
4133,164,19,07-02-2023,CLICK,CLICKED,37.72
4134,135,7,15-10-2024,CART,ADDED TO CART,148.08
4135,222,18,27-04-2024,CLICK,CLICKED,79.49
4136,289,6,25-05-2023,CART,ADDED TO CART,122.12
4137,28,16,19-02-2024,DROP-OFF,ABANDONED,
4138,124,10,26-04-2023,IMPRESSIONS,VIEWED,23.66
4139,27,2,23-04-2023,IMPRESSIONS,VIEWED,23.49
4140,118,10,21-09-2024,CHECKOUT,PURCHASED,214.12
4141,135,18,10-05-2024,IMPRESSIONS,VIEWED,23.73
4142,257,11,15-02-2024,IMPRESSIONS,VIEWED,15.81
4143,250,10,08-04-2023,IMPRESSIONS,VIEWED,23.7
4144,161,5,01-09-2023,DROP-OFF,ABANDONED,
4145,188,12,24-12-2023,CLICK,CLICKED,71.01
4146,155,16,06-01-2024,CHECKOUT,ABANDONED,
4147,210,13,15-02-2023,IMPRESSIONS,VIEWED,36.07
4148,211,6,02-09-2023,IMPRESSIONS,VIEWED,5.08
4149,10,15,15-04-2023,IMPRESSIONS,VIEWED,15.18
4150,253,19,15-05-2024,CART,ADDED TO CART,146.9
4151,64,18,24-12-2023,CLICK,CLICKED,53.87
4152,111,16,18-10-2023,IMPRESSIONS,VIEWED,9.91
4153,14,7,15-09-2024,CART,ADDED TO CART,32.32
4154,236,12,22-09-2024,CLICK,CLICKED,47.87
4155,19,13,16-04-2024,CLICK,CLICKED,51.67
4156,222,20,02-07-2023,CHECKOUT,ABANDONED,
4157,161,4,12-02-2024,CHECKOUT,ABANDONED,
4158,57,12,15-08-2024,CART,ADDED TO CART,109.75
4159,300,14,31-03-2024,IMPRESSIONS,VIEWED,44.93
4160,220,16,03-09-2023,IMPRESSIONS,VIEWED,6.82
4161,30,15,12-05-2023,IMPRESSIONS,VIEWED,36.16
4162,110,8,20-12-2023,CART,ADDED TO CART,103.45
4163,39,9,14-07-2023,IMPRESSIONS,VIEWED,11.6
4164,159,20,21-08-2023,IMPRESSIONS,VIEWED,24.19
4165,291,14,28-03-2024,CART,ADDED TO CART,144.08
4166,138,17,23-01-2023,IMPRESSIONS,VIEWED,41.57
4167,117,12,05-10-2024,IMPRESSIONS,VIEWED,20.59
4168,13,17,28-06-2023,CHECKOUT,PURCHASED,91.28
4169,213,8,27-04-2024,CART,ADDED TO CART,114.91
4170,35,5,02-06-2024,DROP-OFF,ABANDONED,
4171,200,14,20-08-2024,IMPRESSIONS,VIEWED,43.28
4172,86,3,28-09-2023,CLICK,CLICKED,80.01
4173,194,3,21-04-2023,CLICK,CLICKED,75.75
4174,157,13,23-11-2023,CLICK,CLICKED,43.32
4175,191,7,05-07-2023,IMPRESSIONS,VIEWED,16.46
4176,40,4,17-06-2024,IMPRESSIONS,VIEWED,13.55
4177,231,7,07-06-2024,CHECKOUT,PURCHASED,81.82
4178,106,18,25-10-2024,CLICK,CLICKED,48.34
4179,220,17,05-11-2023,CART,ADDED TO CART,133.43
4180,42,9,27-01-2024,CLICK,CLICKED,85.96
4181,134,17,07-09-2023,IMPRESSIONS,VIEWED,43.99
4182,50,4,09-07-2023,IMPRESSIONS,VIEWED,5.46
4183,1,17,08-05-2024,CHECKOUT,ABANDONED,
4184,150,15,09-05-2024,IMPRESSIONS,VIEWED,31.46
4185,248,14,22-04-2023,CHECKOUT,PURCHASED,242.75
4186,194,5,10-09-2024,IMPRESSIONS,VIEWED,31.17
4187,34,14,09-07-2023,CHECKOUT,PURCHASED,82.56
4188,145,18,20-06-2024,CART,ADDED TO CART,97.31
4189,154,4,28-05-2024,IMPRESSIONS,VIEWED,14.05
4190,83,13,01-11-2023,CLICK,CLICKED,61.11
4191,240,10,22-04-2023,CLICK,CLICKED,17.78
4192,119,20,29-11-2024,IMPRESSIONS,VIEWED,43.61
4193,250,1,23-08-2023,IMPRESSIONS,VIEWED,33.21
4194,231,2,07-05-2023,CLICK,CLICKED,29.09
4195,279,5,16-08-2024,IMPRESSIONS,VIEWED,16.09
4196,61,11,10-09-2023,IMPRESSIONS,VIEWED,34.15
4197,175,6,16-02-2024,CART,ADDED TO CART,50.91
4198,217,19,26-01-2023,CLICK,CLICKED,74.45
4199,264,1,25-05-2023,DROP-OFF,ABANDONED,
4200,119,7,12-01-2024,CLICK,CLICKED,66.18
4201,43,1,23-02-2024,IMPRESSIONS,VIEWED,39.05
4202,246,10,13-12-2023,CHECKOUT,ABANDONED,
4203,294,7,07-12-2024,CLICK,CLICKED,80.71
4204,42,10,18-02-2023,CHECKOUT,ABANDONED,
4205,78,18,08-09-2023,IMPRESSIONS,VIEWED,25.53
4206,299,16,02-08-2024,CLICK,CLICKED,75.6
4207,233,4,19-05-2024,CHECKOUT,ABANDONED,
4208,249,1,16-07-2023,IMPRESSIONS,VIEWED,41.3
4209,294,10,17-03-2023,IMPRESSIONS,VIEWED,18.2
4210,201,9,07-07-2024,CART,ADDED TO CART,55.06
4211,230,13,26-07-2024,IMPRESSIONS,VIEWED,23.3
4212,224,2,10-01-2023,IMPRESSIONS,VIEWED,17.98
4213,233,8,23-03-2023,CLICK,CLICKED,18.35
4214,116,6,28-09-2023,CLICK,CLICKED,40.0
4215,256,9,15-12-2023,IMPRESSIONS,VIEWED,26.71
4216,274,2,23-08-2024,IMPRESSIONS,VIEWED,38.75
4217,278,3,19-12-2023,IMPRESSIONS,VIEWED,11.49
4218,27,15,31-08-2024,CART,ADDED TO CART,128.12
4219,154,16,28-02-2024,CART,ADDED TO CART,42.9
4220,248,19,29-04-2024,IMPRESSIONS,VIEWED,16.6
4221,180,14,16-12-2023,CLICK,CLICKED,27.48
4222,296,7,31-10-2023,CLICK,CLICKED,71.87
4223,297,1,15-09-2024,CLICK,CLICKED,70.62
4224,6,14,24-01-2024,CART,ADDED TO CART,140.66
4225,209,3,12-08-2023,CLICK,CLICKED,17.53
4226,227,15,12-04-2024,IMPRESSIONS,VIEWED,6.64
4227,106,19,01-08-2024,CHECKOUT,ABANDONED,
4228,74,13,17-08-2023,CLICK,CLICKED,20.23
4229,44,2,24-03-2024,CART,ADDED TO CART,44.78
4230,284,20,05-03-2024,IMPRESSIONS,VIEWED,26.59
4231,86,10,26-07-2023,IMPRESSIONS,VIEWED,7.08
4232,74,7,23-09-2024,CLICK,CLICKED,35.99
4233,12,13,26-12-2024,CHECKOUT,ABANDONED,
4234,290,9,25-12-2024,IMPRESSIONS,VIEWED,29.48
4235,67,7,16-12-2023,IMPRESSIONS,VIEWED,36.14
4236,157,3,20-05-2023,CLICK,CLICKED,68.66
4237,25,2,27-01-2024,CHECKOUT,ABANDONED,
4238,130,17,23-07-2024,IMPRESSIONS,VIEWED,14.82
4239,60,19,08-10-2024,CART,ADDED TO CART,60.71
4240,186,12,15-11-2023,DROP-OFF,ABANDONED,
4241,4,11,11-09-2023,CHECKOUT,PURCHASED,238.83
4242,155,5,09-01-2024,IMPRESSIONS,VIEWED,27.29
4243,218,18,26-06-2024,CLICK,CLICKED,17.06
4244,93,2,23-08-2023,CART,ADDED TO CART,50.25
4245,128,3,07-05-2024,IMPRESSIONS,VIEWED,27.41
4246,213,7,29-08-2024,CART,ADDED TO CART,94.79
4247,242,19,21-06-2024,CART,ADDED TO CART,140.36
4248,266,16,27-07-2023,CART,ADDED TO CART,60.19
4249,81,10,04-08-2024,IMPRESSIONS,VIEWED,28.05
4250,58,16,13-11-2024,CLICK,CLICKED,23.61
4251,5,8,19-07-2023,CART,ADDED TO CART,86.52
4252,10,11,22-03-2023,CLICK,CLICKED,38.42
4253,41,5,22-01-2023,IMPRESSIONS,VIEWED,8.29
4254,251,12,01-11-2023,IMPRESSIONS,VIEWED,20.93
4255,272,16,26-09-2024,IMPRESSIONS,VIEWED,39.74
4256,138,13,01-03-2024,IMPRESSIONS,VIEWED,31.01
4257,10,4,31-12-2023,IMPRESSIONS,VIEWED,16.03
4258,27,8,12-02-2024,IMPRESSIONS,VIEWED,34.4
4259,97,7,14-01-2023,CLICK,CLICKED,25.63
4260,122,18,10-08-2023,IMPRESSIONS,VIEWED,6.96
4261,46,9,10-12-2023,IMPRESSIONS,VIEWED,10.38
4262,249,3,02-10-2023,CART,ADDED TO CART,90.02
4263,52,20,11-10-2024,CLICK,CLICKED,18.32
4264,55,19,18-03-2024,CLICK,CLICKED,17.08
4265,67,12,17-03-2023,CLICK,CLICKED,78.63
4266,80,18,28-12-2023,IMPRESSIONS,VIEWED,43.78
4267,231,1,03-10-2023,CLICK,CLICKED,58.91
4268,259,6,30-08-2024,CHECKOUT,ABANDONED,
4269,275,12,27-11-2023,CART,ADDED TO CART,81.52
4270,109,20,23-10-2024,IMPRESSIONS,VIEWED,43.94
4271,239,11,15-04-2024,IMPRESSIONS,VIEWED,41.59
4272,154,18,23-04-2024,CART,ADDED TO CART,49.01
4273,67,12,07-09-2024,IMPRESSIONS,VIEWED,12.11
4274,295,16,05-04-2024,IMPRESSIONS,VIEWED,24.2
4275,133,10,15-07-2023,CLICK,CLICKED,79.49
4276,237,17,22-05-2024,IMPRESSIONS,VIEWED,24.06
4277,173,13,29-12-2024,CHECKOUT,ABANDONED,
4278,266,2,10-06-2023,CLICK,CLICKED,35.27
4279,274,1,18-10-2024,IMPRESSIONS,VIEWED,28.25
4280,215,2,03-10-2024,IMPRESSIONS,VIEWED,5.38
4281,34,14,16-12-2024,IMPRESSIONS,VIEWED,21.61
4282,148,6,20-02-2024,IMPRESSIONS,VIEWED,19.64
4283,79,2,15-08-2023,IMPRESSIONS,VIEWED,28.82
4284,44,9,06-10-2024,CHECKOUT,PURCHASED,218.09
4285,76,15,05-09-2023,IMPRESSIONS,VIEWED,12.37
4286,94,13,15-11-2023,CHECKOUT,ABANDONED,
4287,252,11,07-03-2024,CLICK,CLICKED,62.56
4288,268,9,09-05-2023,CHECKOUT,ABANDONED,
4289,112,11,17-09-2024,CLICK,CLICKED,75.08
4290,84,6,12-08-2024,CLICK,CLICKED,61.23
4291,213,16,03-05-2024,CART,ADDED TO CART,147.95
4292,128,20,21-01-2023,CART,ADDED TO CART,81.75
4293,84,10,21-04-2024,CART,ADDED TO CART,78.32
4294,6,2,27-07-2023,IMPRESSIONS,VIEWED,33.13
4295,29,14,04-11-2023,CART,ADDED TO CART,38.11
4296,160,10,30-05-2023,CLICK,CLICKED,78.15
4297,167,11,24-09-2023,CLICK,CLICKED,28.2
4298,128,4,15-02-2024,CLICK,CLICKED,70.1
4299,227,12,02-10-2023,CHECKOUT,ABANDONED,
4300,101,10,25-08-2023,CLICK,CLICKED,35.79
4301,109,19,07-07-2023,CART,ADDED TO CART,50.94
4302,241,18,11-12-2024,IMPRESSIONS,VIEWED,14.92
4303,262,4,15-08-2023,IMPRESSIONS,VIEWED,16.09
4304,128,7,21-02-2023,IMPRESSIONS,VIEWED,17.41
4305,92,5,28-10-2023,CART,ADDED TO CART,32.6
4306,292,18,19-01-2024,IMPRESSIONS,VIEWED,7.2
4307,118,12,15-02-2023,IMPRESSIONS,VIEWED,6.93
4308,128,5,01-12-2023,IMPRESSIONS,VIEWED,33.35
4309,188,12,29-11-2023,CLICK,CLICKED,75.3
4310,137,2,07-10-2023,IMPRESSIONS,VIEWED,20.73
4311,37,3,30-08-2024,CLICK,CLICKED,79.19
4312,68,11,27-08-2023,CLICK,CLICKED,72.8
4313,39,19,04-04-2023,CART,ADDED TO CART,138.41
4314,179,8,06-12-2024,IMPRESSIONS,VIEWED,29.66
4315,241,4,08-12-2023,CLICK,CLICKED,52.21
4316,63,13,18-03-2024,CART,ADDED TO CART,145.06
4317,68,9,24-02-2024,IMPRESSIONS,VIEWED,34.8
4318,69,3,18-11-2024,CLICK,CLICKED,32.81
4319,68,1,01-01-2023,CLICK,CLICKED,18.12
4320,79,2,18-11-2023,CLICK,CLICKED,65.07
4321,216,20,01-04-2024,CLICK,CLICKED,29.24
4322,111,14,25-01-2023,DROP-OFF,ABANDONED,
4323,22,19,08-02-2023,IMPRESSIONS,VIEWED,35.61
4324,214,4,21-02-2023,CART,ADDED TO CART,88.27
4325,263,17,27-05-2024,CLICK,CLICKED,36.08
4326,201,4,31-01-2024,DROP-OFF,ABANDONED,
4327,268,4,22-02-2024,CHECKOUT,PURCHASED,225.47
4328,181,3,24-06-2024,CART,ADDED TO CART,141.91
4329,24,12,04-10-2024,IMPRESSIONS,VIEWED,44.73
4330,286,18,14-06-2023,IMPRESSIONS,VIEWED,5.48
4331,80,16,10-06-2023,CART,ADDED TO CART,110.79
4332,149,15,08-06-2023,CLICK,CLICKED,41.38
4333,145,1,22-04-2024,CLICK,CLICKED,18.73
4334,205,20,30-03-2024,CHECKOUT,PURCHASED,71.33
4335,131,12,18-10-2023,CLICK,CLICKED,49.61
4336,41,9,01-02-2024,CLICK,CLICKED,43.42
4337,264,14,05-04-2024,IMPRESSIONS,VIEWED,40.73
4338,44,14,08-11-2023,IMPRESSIONS,VIEWED,31.75
4339,188,13,01-08-2023,CHECKOUT,PURCHASED,281.16
4340,46,17,19-02-2023,DROP-OFF,ABANDONED,
4341,225,7,25-08-2024,CHECKOUT,ABANDONED,
4342,17,5,24-12-2023,CLICK,CLICKED,39.85
4343,110,8,25-04-2024,CLICK,CLICKED,16.38
4344,103,4,23-01-2024,CLICK,CLICKED,59.39
4345,83,14,21-04-2023,IMPRESSIONS,VIEWED,5.5
4346,53,5,26-09-2023,CLICK,CLICKED,86.65
4347,149,11,25-11-2023,IMPRESSIONS,VIEWED,16.83
4348,17,17,07-02-2023,CLICK,CLICKED,45.11
4349,235,8,16-06-2024,CLICK,CLICKED,43.31
4350,201,7,14-01-2023,IMPRESSIONS,VIEWED,26.05
4351,31,1,31-01-2023,CLICK,CLICKED,38.47
4352,158,20,20-08-2023,CHECKOUT,PURCHASED,221.37
4353,143,4,24-03-2024,CHECKOUT,PURCHASED,125.09
4354,139,14,01-02-2024,IMPRESSIONS,VIEWED,19.37
4355,268,20,22-01-2024,IMPRESSIONS,VIEWED,23.09
4356,168,13,27-02-2023,IMPRESSIONS,VIEWED,6.49
4357,115,10,09-02-2023,IMPRESSIONS,VIEWED,39.12
4358,53,6,04-01-2024,IMPRESSIONS,VIEWED,38.04
4359,53,17,06-10-2024,IMPRESSIONS,VIEWED,7.78
4360,207,14,14-02-2023,CLICK,CLICKED,31.31
4361,66,16,23-06-2024,CLICK,CLICKED,62.62
4362,18,19,24-07-2024,IMPRESSIONS,VIEWED,8.32
4363,72,16,05-02-2024,CLICK,CLICKED,37.72
4364,8,5,13-06-2023,CART,ADDED TO CART,113.29
4365,77,9,03-07-2024,CLICK,CLICKED,69.31
4366,126,15,29-08-2023,CLICK,CLICKED,18.12
4367,38,4,29-06-2024,IMPRESSIONS,VIEWED,32.16
4368,63,9,05-05-2023,CLICK,CLICKED,15.48
4369,44,1,28-09-2023,CLICK,CLICKED,77.31
4370,298,20,09-05-2023,CART,ADDED TO CART,144.77
4371,74,10,12-05-2024,IMPRESSIONS,VIEWED,7.54
4372,24,8,26-09-2023,IMPRESSIONS,VIEWED,35.22
4373,265,4,24-04-2023,DROP-OFF,ABANDONED,
4374,54,10,10-01-2023,CHECKOUT,ABANDONED,
4375,44,8,10-06-2023,IMPRESSIONS,VIEWED,39.95
4376,2,10,16-11-2023,CLICK,CLICKED,15.1
4377,141,2,31-01-2024,CLICK,CLICKED,54.49
4378,36,1,22-07-2023,IMPRESSIONS,VIEWED,15.87
4379,243,5,06-06-2023,CLICK,CLICKED,74.29
4380,233,9,28-01-2023,IMPRESSIONS,VIEWED,15.33
4381,298,20,21-06-2024,IMPRESSIONS,VIEWED,29.34
4382,118,13,21-09-2024,IMPRESSIONS,VIEWED,43.54
4383,37,1,30-01-2024,IMPRESSIONS,VIEWED,35.36
4384,231,12,28-08-2023,DROP-OFF,ABANDONED,
4385,285,2,23-12-2023,CLICK,CLICKED,21.57
4386,19,3,28-01-2023,CHECKOUT,PURCHASED,209.22
4387,152,14,07-04-2023,IMPRESSIONS,VIEWED,6.5
4388,148,1,04-03-2023,IMPRESSIONS,VIEWED,23.56
4389,154,18,23-01-2024,CART,ADDED TO CART,91.05
4390,265,3,23-04-2024,IMPRESSIONS,VIEWED,37.32
4391,13,2,11-04-2024,CART,ADDED TO CART,120.42
4392,228,16,16-08-2023,CLICK,CLICKED,59.66
4393,104,2,30-03-2024,CLICK,CLICKED,48.18
4394,294,14,23-02-2023,CHECKOUT,PURCHASED,202.1
4395,88,3,02-10-2023,IMPRESSIONS,VIEWED,18.37
4396,217,15,14-10-2023,IMPRESSIONS,VIEWED,31.54
4397,209,11,19-01-2024,CHECKOUT,ABANDONED,
4398,291,4,06-05-2024,CART,ADDED TO CART,128.23
4399,120,12,07-09-2023,CHECKOUT,ABANDONED,
4400,160,20,12-12-2024,CART,ADDED TO CART,76.17
4401,207,12,08-08-2023,CLICK,CLICKED,63.57
4402,234,8,17-04-2023,CHECKOUT,PURCHASED,290.19
4403,156,14,12-12-2024,CHECKOUT,ABANDONED,
4404,260,16,05-06-2023,CHECKOUT,ABANDONED,
4405,287,12,22-06-2024,IMPRESSIONS,VIEWED,38.42
4406,79,16,05-11-2024,CART,ADDED TO CART,109.65
4407,134,3,05-09-2023,IMPRESSIONS,VIEWED,40.78
4408,247,20,04-02-2024,IMPRESSIONS,VIEWED,5.23
4409,187,18,18-10-2024,IMPRESSIONS,VIEWED,23.5
4410,65,4,05-05-2023,IMPRESSIONS,VIEWED,20.73
4411,286,20,12-07-2023,CHECKOUT,ABANDONED,
4412,135,13,06-11-2023,IMPRESSIONS,VIEWED,9.06
4413,152,11,05-01-2024,CLICK,CLICKED,33.79
4414,68,16,13-12-2024,CART,ADDED TO CART,116.92
4415,203,13,20-08-2024,CHECKOUT,PURCHASED,127.15
4416,29,11,25-01-2023,CLICK,CLICKED,88.87
4417,4,2,13-11-2024,IMPRESSIONS,VIEWED,8.33
4418,168,14,17-03-2023,IMPRESSIONS,VIEWED,27.47
4419,130,20,03-10-2024,CLICK,CLICKED,79.16
4420,1,2,19-11-2024,CART,ADDED TO CART,108.62
4421,99,17,07-11-2023,CLICK,CLICKED,72.31
4422,288,13,04-05-2024,IMPRESSIONS,VIEWED,7.45
4423,135,17,08-05-2023,CLICK,CLICKED,62.11
4424,212,12,21-11-2023,CART,ADDED TO CART,102.71
4425,65,3,27-06-2024,CLICK,CLICKED,45.8
4426,42,17,12-02-2024,CART,ADDED TO CART,87.68
4427,33,8,30-01-2023,IMPRESSIONS,VIEWED,35.58
4428,224,20,02-09-2023,IMPRESSIONS,VIEWED,41.52
4429,34,14,18-04-2024,IMPRESSIONS,VIEWED,10.89
4430,296,3,31-12-2024,CLICK,CLICKED,88.31
4431,72,18,02-06-2023,DROP-OFF,ABANDONED,
4432,206,15,15-04-2023,IMPRESSIONS,VIEWED,28.33
4433,291,11,19-06-2023,CHECKOUT,ABANDONED,
4434,95,20,29-02-2024,CART,ADDED TO CART,66.15
4435,267,9,12-09-2023,CART,ADDED TO CART,122.01
4436,278,14,03-06-2024,IMPRESSIONS,VIEWED,17.36
4437,114,8,17-02-2023,IMPRESSIONS,VIEWED,17.82
4438,256,16,29-03-2023,CART,ADDED TO CART,114.3
4439,29,13,16-12-2024,CHECKOUT,ABANDONED,
4440,272,16,16-09-2024,IMPRESSIONS,VIEWED,32.52
4441,9,9,04-02-2024,CHECKOUT,PURCHASED,87.92
4442,212,6,11-02-2024,IMPRESSIONS,VIEWED,10.83
4443,166,17,01-11-2023,IMPRESSIONS,VIEWED,29.9
4444,177,20,26-08-2024,CLICK,CLICKED,72.72
4445,234,19,20-07-2023,CLICK,CLICKED,78.95
4446,162,12,11-03-2023,CLICK,CLICKED,68.99
4447,138,3,17-03-2023,IMPRESSIONS,VIEWED,43.53
4448,234,1,12-08-2023,CLICK,CLICKED,87.1
4449,202,15,17-03-2024,IMPRESSIONS,VIEWED,42.92
4450,150,6,30-07-2023,IMPRESSIONS,VIEWED,19.46
4451,128,2,04-06-2024,CLICK,CLICKED,89.57
4452,287,5,07-06-2024,CLICK,CLICKED,17.95
4453,242,17,21-06-2024,IMPRESSIONS,VIEWED,14.18
4454,219,12,25-10-2023,CLICK,CLICKED,15.2
4455,69,1,07-03-2023,CLICK,CLICKED,25.33
4456,241,9,20-11-2024,IMPRESSIONS,VIEWED,29.52
4457,221,7,06-10-2024,IMPRESSIONS,VIEWED,29.99
4458,168,12,06-12-2023,IMPRESSIONS,VIEWED,43.28
4459,42,2,09-06-2024,IMPRESSIONS,VIEWED,33.4
4460,66,14,27-06-2023,IMPRESSIONS,VIEWED,13.39
4461,6,15,18-05-2023,IMPRESSIONS,VIEWED,11.14
4462,271,8,03-01-2023,CLICK,CLICKED,66.21
4463,141,7,12-04-2024,IMPRESSIONS,VIEWED,44.22
4464,294,5,27-07-2024,IMPRESSIONS,VIEWED,33.38
4465,114,4,08-03-2024,CART,ADDED TO CART,103.47
4466,286,16,23-11-2024,IMPRESSIONS,VIEWED,39.33
4467,131,12,13-10-2023,CHECKOUT,ABANDONED,
4468,10,13,12-04-2023,IMPRESSIONS,VIEWED,5.17
4469,280,10,25-10-2023,CART,ADDED TO CART,96.28
4470,52,11,02-11-2024,IMPRESSIONS,VIEWED,10.71
4471,212,6,12-06-2024,IMPRESSIONS,VIEWED,8.84
4472,184,1,22-11-2023,CART,ADDED TO CART,103.83
4473,213,4,19-07-2023,IMPRESSIONS,VIEWED,19.9
4474,126,6,17-05-2023,CLICK,CLICKED,52.74
4475,281,7,11-04-2024,CLICK,CLICKED,41.24
4476,139,2,17-12-2024,CHECKOUT,ABANDONED,
4477,255,13,28-06-2023,DROP-OFF,ABANDONED,
4478,102,20,08-01-2024,IMPRESSIONS,VIEWED,9.63
4479,169,6,29-11-2023,IMPRESSIONS,VIEWED,23.52
4480,279,18,05-07-2024,IMPRESSIONS,VIEWED,8.3
4481,228,9,28-06-2024,CLICK,CLICKED,34.1
4482,184,18,03-06-2024,IMPRESSIONS,VIEWED,38.47
4483,222,3,13-11-2023,CART,ADDED TO CART,51.37
4484,113,12,20-12-2024,IMPRESSIONS,VIEWED,28.85
4485,93,2,30-11-2023,CART,ADDED TO CART,97.62
4486,227,11,31-03-2024,CLICK,CLICKED,66.05
4487,230,19,15-07-2024,IMPRESSIONS,VIEWED,23.71
4488,74,15,14-09-2023,IMPRESSIONS,VIEWED,44.89
4489,1,18,06-08-2024,CHECKOUT,PURCHASED,291.83
4490,293,15,09-02-2023,CART,ADDED TO CART,135.38
4491,86,6,30-04-2023,CART,ADDED TO CART,75.47
4492,268,20,20-01-2024,IMPRESSIONS,VIEWED,23.34
4493,37,5,18-11-2024,CLICK,CLICKED,66.51
4494,254,9,04-02-2024,DROP-OFF,ABANDONED,
4495,60,8,08-08-2024,CLICK,CLICKED,49.99
4496,169,13,19-02-2023,CHECKOUT,ABANDONED,
4497,109,17,24-11-2024,CLICK,CLICKED,53.5
4498,288,20,08-06-2024,IMPRESSIONS,VIEWED,36.04
4499,295,15,10-02-2024,CLICK,CLICKED,63.38
4500,241,8,23-05-2024,CLICK,CLICKED,38.45
4501,130,10,11-10-2023,IMPRESSIONS,VIEWED,21.12
4502,88,14,19-05-2023,IMPRESSIONS,VIEWED,31.17
4503,153,15,30-12-2023,CHECKOUT,PURCHASED,220.79
4504,16,9,13-09-2023,IMPRESSIONS,VIEWED,43.19
4505,291,2,18-04-2024,CART,ADDED TO CART,73.66
4506,161,15,03-06-2024,CART,ADDED TO CART,69.58
4507,283,3,23-01-2024,CLICK,CLICKED,89.32
4508,20,16,11-12-2024,IMPRESSIONS,VIEWED,37.25
4509,239,15,02-02-2024,IMPRESSIONS,VIEWED,31.3
4510,2,16,04-06-2024,CLICK,CLICKED,26.15
4511,102,17,26-11-2023,IMPRESSIONS,VIEWED,21.35
4512,175,5,21-07-2024,IMPRESSIONS,VIEWED,13.97
4513,71,13,19-11-2023,IMPRESSIONS,VIEWED,17.54
4514,170,4,19-10-2023,CLICK,CLICKED,59.57
4515,28,7,24-05-2023,CHECKOUT,PURCHASED,113.3
4516,250,3,27-10-2023,IMPRESSIONS,VIEWED,28.41
4517,183,11,12-01-2024,IMPRESSIONS,VIEWED,41.53
4518,77,2,11-02-2023,IMPRESSIONS,VIEWED,7.95
4519,215,10,29-09-2023,CHECKOUT,ABANDONED,
4520,289,9,26-04-2024,CART,ADDED TO CART,121.92
4521,56,18,31-07-2024,IMPRESSIONS,VIEWED,24.1
4522,8,14,29-11-2023,IMPRESSIONS,VIEWED,41.25
4523,87,5,08-07-2024,CLICK,CLICKED,43.97
4524,146,14,24-07-2024,CLICK,CLICKED,85.26
4525,190,12,28-11-2023,CART,ADDED TO CART,99.68
4526,27,5,22-02-2024,IMPRESSIONS,VIEWED,5.26
4527,256,16,05-07-2024,CLICK,CLICKED,32.41
4528,71,16,24-02-2024,CHECKOUT,ABANDONED,
4529,296,20,05-03-2023,IMPRESSIONS,VIEWED,6.17
4530,92,8,14-02-2024,CLICK,CLICKED,81.73
4531,289,1,08-07-2023,CHECKOUT,ABANDONED,
4532,77,2,31-07-2024,IMPRESSIONS,VIEWED,21.02
4533,235,20,08-02-2023,IMPRESSIONS,VIEWED,41.71
4534,35,11,25-11-2024,IMPRESSIONS,VIEWED,13.29
4535,107,9,13-11-2023,CLICK,CLICKED,59.93
4536,84,4,27-01-2024,IMPRESSIONS,VIEWED,32.43
4537,119,19,12-10-2024,CHECKOUT,ABANDONED,
4538,81,19,22-01-2024,CART,ADDED TO CART,43.5
4539,173,8,26-01-2023,CLICK,CLICKED,83.97
4540,22,2,26-07-2024,IMPRESSIONS,VIEWED,31.09
4541,228,9,06-07-2023,CLICK,CLICKED,36.46
4542,287,11,17-05-2024,CART,ADDED TO CART,124.71
4543,281,5,05-03-2023,IMPRESSIONS,VIEWED,32.72
4544,266,1,23-03-2023,CHECKOUT,PURCHASED,152.45
4545,296,18,24-02-2023,CHECKOUT,ABANDONED,
4546,213,14,10-01-2024,CLICK,CLICKED,70.55
4547,139,16,23-02-2024,IMPRESSIONS,VIEWED,30.87
4548,136,15,09-06-2023,CLICK,CLICKED,28.27
4549,237,7,08-04-2024,CLICK,CLICKED,52.11
4550,275,9,15-01-2023,IMPRESSIONS,VIEWED,17.72
4551,240,15,24-02-2023,CHECKOUT,PURCHASED,81.28
4552,264,17,13-09-2024,CLICK,CLICKED,26.63
4553,268,2,05-09-2024,IMPRESSIONS,VIEWED,32.48
4554,37,13,21-09-2023,IMPRESSIONS,VIEWED,18.66
4555,253,3,22-10-2024,CLICK,CLICKED,40.1
4556,204,18,11-06-2024,IMPRESSIONS,VIEWED,32.6
4557,206,13,09-11-2023,CHECKOUT,PURCHASED,207.17
4558,74,15,19-08-2024,CLICK,CLICKED,72.07
4559,135,5,24-07-2024,CLICK,CLICKED,65.42
4560,139,3,13-02-2024,CART,ADDED TO CART,99.22
4561,44,20,23-07-2024,CLICK,CLICKED,15.21
4562,61,16,02-01-2023,CLICK,CLICKED,80.42
4563,53,12,24-06-2023,IMPRESSIONS,VIEWED,33.98
4564,29,16,20-10-2023,IMPRESSIONS,VIEWED,21.99
4565,281,19,17-01-2024,CART,ADDED TO CART,84.36
4566,78,10,27-02-2024,IMPRESSIONS,VIEWED,43.98
4567,47,2,07-08-2024,CHECKOUT,ABANDONED,
4568,241,2,19-04-2023,CLICK,CLICKED,69.49
4569,7,12,19-02-2023,IMPRESSIONS,VIEWED,11.54
4570,118,20,29-06-2023,IMPRESSIONS,VIEWED,29.8
4571,241,12,01-10-2024,CART,ADDED TO CART,62.28
4572,236,11,17-10-2024,IMPRESSIONS,VIEWED,28.8
4573,232,10,18-09-2023,CART,ADDED TO CART,71.59
4574,197,20,22-09-2023,CLICK,CLICKED,36.1
4575,208,10,26-04-2023,IMPRESSIONS,VIEWED,16.67
4576,188,3,12-07-2023,IMPRESSIONS,VIEWED,36.58
4577,203,19,04-12-2024,CLICK,CLICKED,70.77
4578,193,1,26-06-2024,IMPRESSIONS,VIEWED,37.33
4579,235,10,05-09-2024,CLICK,CLICKED,61.15
4580,201,17,05-06-2024,IMPRESSIONS,VIEWED,25.62
4581,109,11,30-05-2024,IMPRESSIONS,VIEWED,31.95
4582,228,9,29-09-2023,IMPRESSIONS,VIEWED,12.31
4583,192,8,21-11-2023,IMPRESSIONS,VIEWED,8.89
4584,60,3,09-12-2024,CHECKOUT,PURCHASED,249.17
4585,37,18,14-09-2023,IMPRESSIONS,VIEWED,28.86
4586,85,3,06-09-2023,IMPRESSIONS,VIEWED,25.0
4587,108,2,05-11-2024,CLICK,CLICKED,66.99
4588,273,1,10-02-2023,CHECKOUT,ABANDONED,
4589,215,9,08-06-2023,IMPRESSIONS,VIEWED,5.35
4590,170,10,13-07-2024,CART,ADDED TO CART,140.57
4591,281,4,16-09-2024,IMPRESSIONS,VIEWED,23.82
4592,131,20,06-07-2024,IMPRESSIONS,VIEWED,5.2
4593,90,19,11-09-2023,CHECKOUT,ABANDONED,
4594,247,18,16-09-2023,CLICK,CLICKED,34.67
4595,41,15,07-07-2023,CLICK,CLICKED,40.81
4596,74,20,05-07-2023,IMPRESSIONS,VIEWED,28.59
4597,278,17,17-04-2024,CHECKOUT,ABANDONED,
4598,151,9,04-12-2023,CLICK,CLICKED,87.49
4599,121,9,05-01-2023,IMPRESSIONS,VIEWED,21.64
4600,2,11,08-09-2024,IMPRESSIONS,VIEWED,31.54
4601,33,19,02-08-2023,IMPRESSIONS,VIEWED,9.44
4602,143,17,21-10-2023,CART,ADDED TO CART,102.49
4603,217,12,21-02-2024,IMPRESSIONS,VIEWED,21.38
4604,206,5,23-12-2024,IMPRESSIONS,VIEWED,43.64
4605,239,1,04-11-2024,IMPRESSIONS,VIEWED,39.66
4606,119,4,23-01-2024,IMPRESSIONS,VIEWED,30.43
4607,154,8,12-09-2023,IMPRESSIONS,VIEWED,37.34
4608,252,3,03-07-2024,IMPRESSIONS,VIEWED,16.93
4609,181,14,12-07-2023,CHECKOUT,ABANDONED,
4610,67,3,03-08-2023,CLICK,CLICKED,55.84
4611,96,18,14-05-2024,CLICK,CLICKED,46.21
4612,164,10,22-12-2023,CLICK,CLICKED,43.25
4613,182,14,30-11-2023,CLICK,CLICKED,54.22
4614,15,6,05-10-2024,DROP-OFF,ABANDONED,
4615,268,6,13-12-2023,IMPRESSIONS,VIEWED,22.31
4616,22,11,20-09-2024,IMPRESSIONS,VIEWED,26.47
4617,81,18,21-10-2023,IMPRESSIONS,VIEWED,11.16
4618,125,3,16-11-2024,IMPRESSIONS,VIEWED,8.65
4619,86,7,13-06-2023,CHECKOUT,ABANDONED,
4620,222,13,19-06-2024,IMPRESSIONS,VIEWED,36.51
4621,247,18,03-02-2024,IMPRESSIONS,VIEWED,23.85
4622,271,15,23-01-2024,CHECKOUT,PURCHASED,83.13
4623,259,16,04-04-2024,CLICK,CLICKED,87.75
4624,4,14,06-07-2023,CLICK,CLICKED,34.95
4625,178,12,06-05-2024,IMPRESSIONS,VIEWED,12.72
4626,67,15,26-05-2024,CLICK,CLICKED,34.1
4627,110,11,27-06-2024,IMPRESSIONS,VIEWED,7.44
4628,65,15,14-08-2023,CART,ADDED TO CART,50.43
4629,177,15,24-01-2023,IMPRESSIONS,VIEWED,6.67
4630,79,11,17-12-2023,IMPRESSIONS,VIEWED,44.24
4631,231,15,26-10-2024,IMPRESSIONS,VIEWED,21.62
4632,286,18,12-03-2023,IMPRESSIONS,VIEWED,20.99
4633,236,8,24-06-2024,IMPRESSIONS,VIEWED,29.35
4634,153,9,11-06-2024,CLICK,CLICKED,52.46
4635,117,7,11-07-2023,CLICK,CLICKED,36.26
4636,170,12,01-07-2024,CLICK,CLICKED,15.79
4637,217,6,02-09-2023,CLICK,CLICKED,58.7
4638,143,6,07-03-2024,IMPRESSIONS,VIEWED,5.96
4639,285,20,27-11-2023,IMPRESSIONS,VIEWED,42.76
4640,25,8,08-09-2023,CLICK,CLICKED,33.1
4641,259,16,04-04-2023,CHECKOUT,ABANDONED,
4642,74,18,18-08-2023,IMPRESSIONS,VIEWED,17.82
4643,281,3,09-02-2023,CLICK,CLICKED,42.45
4644,112,7,13-04-2024,IMPRESSIONS,VIEWED,21.15
4645,11,5,13-10-2024,CLICK,CLICKED,53.36
4646,236,3,23-11-2023,CHECKOUT,ABANDONED,
4647,221,20,12-01-2024,CLICK,CLICKED,87.05
4648,175,19,18-12-2023,CLICK,CLICKED,16.91
4649,176,11,26-10-2024,IMPRESSIONS,VIEWED,27.53
4650,43,15,28-04-2023,IMPRESSIONS,VIEWED,40.9
4651,287,8,01-10-2024,IMPRESSIONS,VIEWED,10.24
4652,188,5,05-03-2023,DROP-OFF,ABANDONED,
4653,272,17,17-06-2023,CART,ADDED TO CART,77.32
4654,161,4,10-03-2023,CLICK,CLICKED,37.45
4655,192,16,30-10-2023,CLICK,CLICKED,19.5
4656,105,2,11-11-2024,IMPRESSIONS,VIEWED,23.53
4657,14,17,14-07-2024,IMPRESSIONS,VIEWED,37.9
4658,186,8,26-06-2023,CART,ADDED TO CART,124.29
4659,146,10,10-01-2023,CART,ADDED TO CART,99.93
4660,224,8,24-10-2023,CLICK,CLICKED,21.77
4661,46,18,09-02-2023,IMPRESSIONS,VIEWED,24.13
4662,163,19,04-08-2024,IMPRESSIONS,VIEWED,42.0
4663,245,20,16-09-2023,IMPRESSIONS,VIEWED,18.0
4664,209,1,30-03-2023,CLICK,CLICKED,30.3
4665,155,8,26-09-2023,CART,ADDED TO CART,86.76
4666,104,7,07-09-2024,CART,ADDED TO CART,113.03
4667,237,14,13-07-2024,IMPRESSIONS,VIEWED,14.57
4668,66,4,30-04-2023,IMPRESSIONS,VIEWED,40.31
4669,105,17,27-03-2023,CHECKOUT,PURCHASED,68.53
4670,157,18,05-02-2023,IMPRESSIONS,VIEWED,28.14
4671,212,10,05-01-2024,IMPRESSIONS,VIEWED,32.04
4672,19,17,07-06-2023,IMPRESSIONS,VIEWED,17.84
4673,288,7,07-04-2023,IMPRESSIONS,VIEWED,35.42
4674,205,16,25-02-2023,CHECKOUT,PURCHASED,277.38
4675,44,1,01-11-2024,IMPRESSIONS,VIEWED,40.51
4676,246,10,06-02-2023,IMPRESSIONS,VIEWED,14.57
4677,106,6,24-01-2023,CART,ADDED TO CART,62.69
4678,135,19,12-01-2024,IMPRESSIONS,VIEWED,15.24
4679,266,16,05-02-2024,IMPRESSIONS,VIEWED,18.87
4680,79,12,25-12-2024,CHECKOUT,ABANDONED,
4681,78,8,19-03-2023,CART,ADDED TO CART,44.12
4682,14,7,09-11-2024,CLICK,CLICKED,63.92
4683,29,11,07-12-2024,CART,ADDED TO CART,144.49
4684,294,20,24-01-2024,CHECKOUT,ABANDONED,
4685,31,14,13-02-2024,CHECKOUT,ABANDONED,
4686,7,12,31-08-2024,CLICK,CLICKED,44.79
4687,126,5,11-09-2023,IMPRESSIONS,VIEWED,6.17
4688,56,11,19-06-2024,CART,ADDED TO CART,99.6
4689,34,9,02-11-2024,IMPRESSIONS,VIEWED,14.99
4690,111,10,09-08-2023,CART,ADDED TO CART,70.52
4691,274,16,28-10-2023,IMPRESSIONS,VIEWED,14.74
4692,172,20,06-01-2023,CART,ADDED TO CART,52.38
4693,269,11,08-07-2024,CART,ADDED TO CART,112.31
4694,282,11,08-10-2023,IMPRESSIONS,VIEWED,29.81
4695,59,19,06-03-2024,CART,ADDED TO CART,140.32
4696,266,6,29-08-2023,IMPRESSIONS,VIEWED,12.82
4697,289,7,29-05-2023,CHECKOUT,PURCHASED,53.3
4698,121,14,19-09-2023,IMPRESSIONS,VIEWED,21.84
4699,141,17,17-03-2024,CART,ADDED TO CART,41.79
4700,119,16,01-04-2023,IMPRESSIONS,VIEWED,9.23
4701,171,12,22-06-2023,CLICK,CLICKED,17.8
4702,134,12,09-06-2024,IMPRESSIONS,VIEWED,34.97
4703,138,9,23-03-2023,IMPRESSIONS,VIEWED,33.27
4704,110,13,12-03-2023,IMPRESSIONS,VIEWED,9.08
4705,198,1,23-07-2023,CHECKOUT,ABANDONED,
4706,46,17,14-09-2024,IMPRESSIONS,VIEWED,18.67
4707,139,13,26-12-2023,CHECKOUT,ABANDONED,
4708,204,17,10-09-2023,IMPRESSIONS,VIEWED,24.99
4709,46,9,28-01-2023,IMPRESSIONS,VIEWED,16.23
4710,174,19,29-12-2023,CLICK,CLICKED,15.67
4711,4,3,05-04-2023,CLICK,CLICKED,26.41
4712,77,8,19-06-2024,IMPRESSIONS,VIEWED,32.48
4713,51,15,01-08-2023,IMPRESSIONS,VIEWED,31.32
4714,29,19,29-11-2023,CART,ADDED TO CART,32.58
4715,300,7,22-09-2023,IMPRESSIONS,VIEWED,32.32
4716,185,2,10-07-2024,IMPRESSIONS,VIEWED,37.14
4717,133,1,04-09-2023,IMPRESSIONS,VIEWED,12.55
4718,243,15,04-02-2023,IMPRESSIONS,VIEWED,37.42
4719,293,11,30-12-2024,CLICK,CLICKED,37.87
4720,93,20,30-12-2023,IMPRESSIONS,VIEWED,28.04
4721,151,5,28-03-2023,CHECKOUT,PURCHASED,259.86
4722,182,14,14-05-2023,CLICK,CLICKED,87.54
4723,58,14,10-03-2023,CLICK,CLICKED,35.32
4724,237,19,09-11-2024,CART,ADDED TO CART,100.21
4725,120,11,21-11-2024,IMPRESSIONS,VIEWED,27.03
4726,84,14,13-10-2023,DROP-OFF,ABANDONED,
4727,250,3,04-12-2024,CHECKOUT,PURCHASED,58.52
4728,228,1,21-04-2024,CLICK,CLICKED,66.23
4729,146,11,04-04-2024,IMPRESSIONS,VIEWED,6.64
4730,139,19,05-11-2023,CLICK,CLICKED,28.03
4731,126,11,31-12-2024,IMPRESSIONS,VIEWED,30.6
4732,248,6,21-11-2024,CLICK,CLICKED,79.46
4733,252,19,22-07-2024,IMPRESSIONS,VIEWED,41.73
4734,213,11,23-01-2024,IMPRESSIONS,VIEWED,8.83
4735,43,11,14-06-2024,CLICK,CLICKED,86.98
4736,268,20,12-10-2023,IMPRESSIONS,VIEWED,34.11
4737,62,4,02-03-2024,IMPRESSIONS,VIEWED,15.31
4738,196,3,16-04-2023,CHECKOUT,PURCHASED,60.39
4739,296,15,07-01-2024,CART,ADDED TO CART,117.77
4740,155,16,06-08-2023,CHECKOUT,PURCHASED,292.37
4741,95,8,23-05-2024,CHECKOUT,PURCHASED,292.47
4742,287,16,14-04-2024,IMPRESSIONS,VIEWED,30.3
4743,175,8,26-06-2023,IMPRESSIONS,VIEWED,8.46
4744,285,1,17-07-2024,CHECKOUT,PURCHASED,148.58
4745,293,19,03-03-2023,CLICK,CLICKED,69.6
4746,76,18,16-03-2024,IMPRESSIONS,VIEWED,38.16
4747,185,15,06-03-2023,IMPRESSIONS,VIEWED,44.0
4748,1,1,13-07-2023,CLICK,CLICKED,77.4
4749,11,15,17-02-2023,CART,ADDED TO CART,92.42
4750,32,17,08-10-2024,CLICK,CLICKED,71.36
4751,297,8,18-06-2023,IMPRESSIONS,VIEWED,15.92
4752,139,20,08-06-2023,CLICK,CLICKED,69.19
4753,277,15,24-02-2024,CHECKOUT,ABANDONED,
4754,210,12,02-03-2023,CHECKOUT,ABANDONED,
4755,138,11,09-02-2024,IMPRESSIONS,VIEWED,23.84
4756,185,9,02-04-2023,CART,ADDED TO CART,90.26
4757,229,19,05-10-2023,CLICK,CLICKED,79.43
4758,21,7,11-11-2023,IMPRESSIONS,VIEWED,7.44
4759,224,6,11-02-2024,CLICK,CLICKED,31.25
4760,200,9,20-12-2023,IMPRESSIONS,VIEWED,13.91
4761,6,20,03-02-2023,CHECKOUT,PURCHASED,237.14
4762,133,2,26-01-2024,IMPRESSIONS,VIEWED,25.6
4763,76,5,06-10-2023,CLICK,CLICKED,24.16
4764,176,18,24-07-2023,CLICK,CLICKED,69.01
4765,184,7,14-02-2024,CART,ADDED TO CART,102.06
4766,107,7,20-05-2023,CLICK,CLICKED,89.47
4767,67,5,29-06-2024,DROP-OFF,ABANDONED,
4768,205,6,16-06-2024,IMPRESSIONS,VIEWED,24.89
4769,91,6,12-12-2023,CART,ADDED TO CART,42.24
4770,120,8,27-04-2024,CART,ADDED TO CART,30.83
4771,300,10,26-05-2023,CLICK,CLICKED,30.33
4772,229,1,01-10-2023,IMPRESSIONS,VIEWED,32.31
4773,276,17,04-08-2023,CLICK,CLICKED,62.6
4774,43,5,04-01-2024,CLICK,CLICKED,49.86
4775,226,4,29-08-2024,CLICK,CLICKED,50.81
4776,216,19,05-11-2024,IMPRESSIONS,VIEWED,16.83
4777,183,10,06-11-2023,CART,ADDED TO CART,41.5
4778,251,18,16-08-2023,CLICK,CLICKED,36.7
4779,166,7,31-12-2024,IMPRESSIONS,VIEWED,30.91
4780,220,17,26-06-2024,IMPRESSIONS,VIEWED,34.03
4781,68,17,23-07-2024,IMPRESSIONS,VIEWED,29.13
4782,240,17,11-08-2023,CLICK,CLICKED,16.71
4783,85,4,31-08-2024,CLICK,CLICKED,74.84
4784,42,1,11-05-2023,IMPRESSIONS,VIEWED,22.38
4785,269,13,15-10-2024,CLICK,CLICKED,63.47
4786,115,10,21-05-2024,IMPRESSIONS,VIEWED,38.15
4787,296,18,14-03-2024,IMPRESSIONS,VIEWED,40.62
4788,1,8,24-06-2024,IMPRESSIONS,VIEWED,39.26
4789,196,6,06-06-2023,IMPRESSIONS,VIEWED,14.68
4790,227,10,30-07-2023,CLICK,CLICKED,59.74
4791,132,20,11-12-2023,CHECKOUT,ABANDONED,
4792,4,7,23-07-2024,CLICK,CLICKED,46.11
4793,223,12,23-07-2023,IMPRESSIONS,VIEWED,13.69
4794,28,5,04-04-2023,IMPRESSIONS,VIEWED,42.6
4795,195,13,15-08-2023,CLICK,CLICKED,70.19
4796,237,7,22-12-2024,CART,ADDED TO CART,143.65
4797,105,10,01-06-2024,CLICK,CLICKED,46.96
4798,201,1,09-04-2023,CLICK,CLICKED,37.68
4799,266,14,10-02-2024,CLICK,CLICKED,30.59
4800,79,14,13-11-2023,IMPRESSIONS,VIEWED,31.58
4801,264,12,20-09-2024,IMPRESSIONS,VIEWED,24.37
4802,221,2,23-09-2024,CLICK,CLICKED,22.25
4803,213,10,25-12-2024,CLICK,CLICKED,16.09
4804,180,16,10-09-2023,CLICK,CLICKED,87.1
4805,154,9,20-05-2024,CART,ADDED TO CART,94.75
4806,282,2,29-12-2024,IMPRESSIONS,VIEWED,20.56
4807,177,3,20-07-2024,IMPRESSIONS,VIEWED,22.7
4808,271,18,29-05-2024,IMPRESSIONS,VIEWED,14.82
4809,136,12,14-02-2023,CLICK,CLICKED,61.42
4810,258,2,09-02-2024,IMPRESSIONS,VIEWED,10.99
4811,24,17,07-08-2024,CLICK,CLICKED,44.5
4812,85,9,16-08-2023,IMPRESSIONS,VIEWED,15.05
4813,208,20,04-12-2023,IMPRESSIONS,VIEWED,37.81
4814,183,13,02-02-2023,CART,ADDED TO CART,37.62
4815,267,18,16-02-2023,IMPRESSIONS,VIEWED,29.88
4816,196,14,01-01-2023,DROP-OFF,ABANDONED,
4817,31,7,03-05-2024,IMPRESSIONS,VIEWED,23.38
4818,299,4,03-11-2024,CART,ADDED TO CART,81.12
4819,96,6,29-04-2023,CART,ADDED TO CART,148.2
4820,122,19,27-11-2024,IMPRESSIONS,VIEWED,27.05
4821,210,17,29-12-2024,CHECKOUT,ABANDONED,
4822,289,2,13-02-2023,CART,ADDED TO CART,44.71
4823,267,20,15-08-2023,IMPRESSIONS,VIEWED,38.8
4824,213,13,02-01-2023,IMPRESSIONS,VIEWED,17.63
4825,1,1,21-06-2023,CLICK,CLICKED,74.24
4826,6,4,01-02-2023,IMPRESSIONS,VIEWED,39.25
4827,49,18,05-04-2023,DROP-OFF,ABANDONED,
4828,29,13,31-10-2024,CART,ADDED TO CART,102.91
4829,297,4,14-07-2023,DROP-OFF,ABANDONED,
4830,192,2,31-12-2023,IMPRESSIONS,VIEWED,38.33
4831,296,14,29-06-2024,IMPRESSIONS,VIEWED,8.07
4832,4,18,12-01-2023,CLICK,CLICKED,68.04
4833,286,12,18-01-2023,CLICK,CLICKED,21.28
4834,113,7,24-05-2023,IMPRESSIONS,VIEWED,28.06
4835,84,5,13-02-2023,CLICK,CLICKED,64.93
4836,110,16,23-11-2024,IMPRESSIONS,VIEWED,19.53
4837,285,12,30-01-2024,IMPRESSIONS,VIEWED,26.64
4838,199,13,19-04-2023,IMPRESSIONS,VIEWED,36.56
4839,68,2,27-10-2024,IMPRESSIONS,VIEWED,28.68
4840,190,3,15-03-2024,IMPRESSIONS,VIEWED,9.41
4841,284,14,19-02-2023,CART,ADDED TO CART,95.05
4842,63,5,15-11-2024,CLICK,CLICKED,29.68
4843,94,11,01-01-2024,CLICK,CLICKED,19.47
4844,78,8,28-04-2023,CART,ADDED TO CART,102.0
4845,285,17,18-12-2024,CLICK,CLICKED,81.11
4846,199,4,07-08-2024,CART,ADDED TO CART,146.03
4847,184,1,19-12-2023,IMPRESSIONS,VIEWED,35.18
4848,112,14,07-01-2023,CLICK,CLICKED,73.2
4849,286,1,17-09-2023,IMPRESSIONS,VIEWED,40.06
4850,39,20,26-05-2024,CHECKOUT,ABANDONED,
4851,20,18,30-08-2023,IMPRESSIONS,VIEWED,16.22
4852,181,1,18-02-2024,IMPRESSIONS,VIEWED,21.56
4853,68,15,26-09-2023,IMPRESSIONS,VIEWED,32.37
4854,280,12,08-08-2024,CLICK,CLICKED,25.62
4855,141,3,09-11-2023,IMPRESSIONS,VIEWED,29.81
4856,233,15,17-03-2024,IMPRESSIONS,VIEWED,23.17
4857,200,20,29-03-2023,CHECKOUT,ABANDONED,
4858,100,2,09-04-2023,IMPRESSIONS,VIEWED,10.56
4859,206,4,25-04-2024,CHECKOUT,PURCHASED,271.98
4860,164,19,15-01-2023,IMPRESSIONS,VIEWED,29.35
4861,229,13,28-03-2023,IMPRESSIONS,VIEWED,10.48
4862,277,13,21-03-2024,IMPRESSIONS,VIEWED,28.87
4863,66,9,14-02-2024,DROP-OFF,ABANDONED,
4864,212,16,28-10-2024,IMPRESSIONS,VIEWED,20.14
4865,255,16,01-12-2024,IMPRESSIONS,VIEWED,40.87
4866,255,5,31-07-2023,IMPRESSIONS,VIEWED,10.92
4867,92,7,15-12-2023,IMPRESSIONS,VIEWED,5.03
4868,165,17,26-09-2024,IMPRESSIONS,VIEWED,23.1
4869,56,12,27-02-2023,IMPRESSIONS,VIEWED,30.04
4870,117,11,23-07-2023,CART,ADDED TO CART,116.28
4871,264,9,16-01-2024,CHECKOUT,ABANDONED,
4872,169,20,30-09-2024,IMPRESSIONS,VIEWED,10.98
4873,64,1,11-09-2024,IMPRESSIONS,VIEWED,41.66
4874,116,4,11-10-2023,DROP-OFF,ABANDONED,
4875,39,9,01-02-2023,CART,ADDED TO CART,91.44
4876,136,7,28-11-2024,CART,ADDED TO CART,135.11
4877,247,19,11-07-2024,IMPRESSIONS,VIEWED,35.25
4878,50,4,13-03-2024,CHECKOUT,ABANDONED,
4879,117,3,11-08-2023,CLICK,CLICKED,63.99
4880,22,19,28-01-2024,IMPRESSIONS,VIEWED,43.94
4881,177,15,15-06-2024,CART,ADDED TO CART,127.29
4882,171,12,31-05-2024,CLICK,CLICKED,80.01
4883,214,7,20-12-2024,IMPRESSIONS,VIEWED,34.96
4884,253,5,19-11-2023,IMPRESSIONS,VIEWED,30.58
4885,104,11,30-04-2023,IMPRESSIONS,VIEWED,27.14
4886,170,2,13-09-2023,IMPRESSIONS,VIEWED,27.16
4887,270,6,07-06-2024,CHECKOUT,PURCHASED,46.81
4888,135,15,11-02-2024,CLICK,CLICKED,68.14
4889,273,5,07-07-2024,CLICK,CLICKED,39.07
4890,257,15,22-03-2023,CART,ADDED TO CART,36.67
4891,242,11,01-08-2023,IMPRESSIONS,VIEWED,27.22
4892,98,4,16-01-2024,CART,ADDED TO CART,77.54
4893,49,2,07-05-2024,CART,ADDED TO CART,60.83
4894,135,8,04-01-2023,CLICK,CLICKED,75.4
4895,42,9,21-10-2023,IMPRESSIONS,VIEWED,19.1
4896,237,10,05-10-2023,CHECKOUT,ABANDONED,
4897,36,20,19-09-2024,CHECKOUT,ABANDONED,
4898,63,12,21-08-2023,IMPRESSIONS,VIEWED,36.42
4899,231,6,29-09-2024,IMPRESSIONS,VIEWED,8.69
4900,24,7,10-10-2024,IMPRESSIONS,VIEWED,28.99
4901,255,12,29-12-2024,CLICK,CLICKED,62.02
4902,272,17,02-06-2024,IMPRESSIONS,VIEWED,7.15
4903,67,4,11-01-2024,CLICK,CLICKED,60.53
4904,112,15,23-03-2024,CHECKOUT,PURCHASED,176.32
4905,252,10,20-08-2024,CHECKOUT,ABANDONED,
4906,110,4,14-06-2023,IMPRESSIONS,VIEWED,15.56
4907,21,15,15-01-2023,IMPRESSIONS,VIEWED,44.22
4908,269,7,10-02-2024,CLICK,CLICKED,50.37
4909,255,9,07-01-2023,CLICK,CLICKED,43.87
4910,181,13,13-01-2023,IMPRESSIONS,VIEWED,43.49
4911,72,6,16-07-2024,CHECKOUT,ABANDONED,
4912,93,18,11-05-2023,IMPRESSIONS,VIEWED,39.61
4913,276,6,07-05-2024,CLICK,CLICKED,25.02
4914,134,7,05-09-2024,IMPRESSIONS,VIEWED,33.88
4915,185,19,17-03-2024,CLICK,CLICKED,45.07
4916,204,2,07-10-2023,CLICK,CLICKED,28.63
4917,130,9,30-07-2023,CHECKOUT,PURCHASED,192.46
4918,288,3,26-04-2023,CHECKOUT,PURCHASED,295.27
4919,222,12,11-04-2023,IMPRESSIONS,VIEWED,9.73
4920,200,8,23-04-2024,CLICK,CLICKED,71.79
4921,10,10,26-07-2024,CLICK,CLICKED,33.93
4922,271,4,27-03-2023,CLICK,CLICKED,84.43
4923,283,12,09-08-2024,CHECKOUT,ABANDONED,
4924,38,20,10-09-2023,CLICK,CLICKED,30.64
4925,210,7,06-12-2024,IMPRESSIONS,VIEWED,24.55
4926,237,14,16-06-2024,CLICK,CLICKED,57.6
4927,185,18,11-03-2024,IMPRESSIONS,VIEWED,24.42
4928,38,19,21-12-2023,IMPRESSIONS,VIEWED,12.17
4929,252,5,16-07-2023,IMPRESSIONS,VIEWED,38.98
4930,59,12,29-01-2023,IMPRESSIONS,VIEWED,13.96
4931,55,11,12-11-2023,CLICK,CLICKED,36.23
4932,102,14,15-09-2023,CLICK,CLICKED,34.62
4933,300,20,14-01-2023,IMPRESSIONS,VIEWED,37.01
4934,197,9,16-04-2024,CLICK,CLICKED,77.94
4935,293,3,17-12-2023,CHECKOUT,PURCHASED,102.16
4936,14,13,10-04-2024,CLICK,CLICKED,64.97
4937,199,15,05-07-2023,CHECKOUT,PURCHASED,75.13
4938,93,7,14-04-2024,IMPRESSIONS,VIEWED,31.99
4939,30,12,05-06-2024,CART,ADDED TO CART,147.71
4940,137,12,27-09-2024,CHECKOUT,PURCHASED,214.47
4941,187,12,29-11-2024,IMPRESSIONS,VIEWED,35.73
4942,251,15,08-01-2023,IMPRESSIONS,VIEWED,32.11
4943,50,15,23-11-2024,CLICK,CLICKED,15.35
4944,218,17,15-12-2023,IMPRESSIONS,VIEWED,6.4
4945,269,11,20-11-2024,CLICK,CLICKED,52.57
4946,246,19,28-10-2023,CART,ADDED TO CART,149.14
4947,211,9,06-10-2023,CHECKOUT,ABANDONED,
4948,87,13,25-07-2023,IMPRESSIONS,VIEWED,31.31
4949,180,20,08-02-2024,CART,ADDED TO CART,118.24
4950,266,15,02-11-2024,CART,ADDED TO CART,104.28
4951,299,9,29-03-2024,CART,ADDED TO CART,72.43
4952,123,9,29-03-2024,CHECKOUT,ABANDONED,
4953,19,5,17-09-2023,IMPRESSIONS,VIEWED,22.71
4954,87,20,24-10-2024,IMPRESSIONS,VIEWED,17.59
4955,117,20,22-09-2023,IMPRESSIONS,VIEWED,22.64
4956,179,9,21-07-2024,CHECKOUT,ABANDONED,
4957,247,17,08-01-2023,IMPRESSIONS,VIEWED,34.18
4958,191,13,17-08-2024,IMPRESSIONS,VIEWED,21.28
4959,195,10,21-06-2024,IMPRESSIONS,VIEWED,23.99
4960,235,7,26-02-2023,CHECKOUT,PURCHASED,67.28
4961,1,13,12-08-2023,IMPRESSIONS,VIEWED,17.57
4962,24,5,22-02-2024,IMPRESSIONS,VIEWED,30.27
4963,222,7,26-07-2023,CHECKOUT,ABANDONED,
4964,240,9,25-10-2024,IMPRESSIONS,VIEWED,34.82
4965,127,7,20-05-2023,CHECKOUT,ABANDONED,
4966,293,20,30-04-2024,IMPRESSIONS,VIEWED,36.3
4967,295,10,13-03-2023,IMPRESSIONS,VIEWED,12.16
4968,251,14,15-02-2023,CLICK,CLICKED,23.62
4969,154,17,26-09-2023,CLICK,CLICKED,57.43
4970,241,7,14-06-2024,IMPRESSIONS,VIEWED,22.08
4971,135,9,09-08-2023,CHECKOUT,ABANDONED,
4972,191,9,23-12-2024,DROP-OFF,ABANDONED,
4973,108,11,24-01-2023,CHECKOUT,ABANDONED,
4974,94,14,02-02-2023,IMPRESSIONS,VIEWED,34.05
4975,271,16,09-12-2023,IMPRESSIONS,VIEWED,24.24
4976,278,4,13-06-2023,CLICK,CLICKED,84.18
4977,112,19,23-04-2023,IMPRESSIONS,VIEWED,15.14
4978,267,10,19-11-2024,IMPRESSIONS,VIEWED,24.93
4979,257,15,10-01-2023,IMPRESSIONS,VIEWED,28.15
4980,23,13,18-10-2024,IMPRESSIONS,VIEWED,15.69
4981,254,2,10-04-2024,CLICK,CLICKED,54.82
4982,138,17,20-07-2023,CART,ADDED TO CART,60.52
4983,180,15,07-08-2023,IMPRESSIONS,VIEWED,32.6
4984,4,10,26-09-2023,CLICK,CLICKED,53.56
4985,6,7,01-05-2023,DROP-OFF,ABANDONED,
4986,260,8,10-11-2024,CART,ADDED TO CART,59.48
4987,43,14,19-05-2024,CART,ADDED TO CART,119.53
4988,258,9,25-09-2023,CHECKOUT,PURCHASED,185.46
4989,294,11,24-08-2024,IMPRESSIONS,VIEWED,43.87
4990,18,15,03-10-2024,CHECKOUT,ABANDONED,
4991,3,11,08-06-2023,IMPRESSIONS,VIEWED,34.73
4992,82,7,26-10-2024,IMPRESSIONS,VIEWED,20.24
4993,113,1,06-09-2024,CART,ADDED TO CART,139.23
4994,184,13,28-12-2023,IMPRESSIONS,VIEWED,6.17
4995,61,12,09-10-2023,CART,ADDED TO CART,126.52
4996,238,7,17-06-2023,IMPRESSIONS,VIEWED,13.6
4997,286,11,05-01-2023,IMPRESSIONS,VIEWED,8.14
4998,273,5,17-12-2024,IMPRESSIONS,VIEWED,37.31
4999,29,10,25-06-2024,DROP-OFF,ABANDONED,
5000,17,19,01-09-2023,CHECKOUT,ABANDONED,
